account_id,company_id,company_name,bank_name,account_number,account_type,opening_date,is_suspicious,balance_avg
ACC_1000000,PT_0001,PT. Sena Bangun Aneka Pertiwi,BCA,0001000000,Deposito,2021-06-30,False,5881781163
ACC_1000001,PT_0001,PT. Sena Bangun Aneka Pertiwi,OCBC NISP,0001000001,Deposito,2023-04-23,False,3698696787
ACC_1000002,PT_0001,PT. Sena Bangun Aneka Pertiwi,CIMB Niaga,0001000002,Tabungan,2022-02-05,False,1430789176
ACC_1000003,PT_0002,PT. Borneo Indah Marjaya,Mandiri,0001000003,Giro,2022-10-01,False,883671887
ACC_1000004,PT_0003,PT. Dewi Anthika Bahari,BCA,0001000004,Giro,2023-03-06,False,7052028806
ACC_1000005,PT_0003,PT. Dewi Anthika Bahari,Mandiri,0001000005,Giro,2021-05-03,False,4606998320
ACC_1000006,PT_0003,PT. Dewi Anthika Bahari,BCA,0001000006,Tabungan,2020-09-01,False,9035614770
ACC_1000007,PT_0003,PT. Dewi Anthika Bahari,OCBC NISP,0001000007,Tabungan,2021-05-03,False,9706578702
ACC_1000008,PT_0004,PT. Imperindo Hasta Eka,Permata,0001000008,Deposito,2022-10-12,True,307480776
ACC_1000009,PT_0004,PT. Imperindo Hasta Eka,BNI,0001000009,Tabungan,2023-09-24,True,251966235
ACC_1000010,PT_0004,PT. Imperindo Hasta Eka,Danamon,0001000010,Tabungan,2021-09-17,True,119695627
ACC_1000011,PT_0005,PT. Nunukan Sarana Jaya,BNI,0001000011,Deposito,2025-05-19,False,4652661296
ACC_1000012,PT_0005,PT. Nunukan Sarana Jaya,Maybank,0001000012,Deposito,2021-04-01,False,9156131722
ACC_1000013,PT_0005,PT. Nunukan Sarana Jaya,CIMB Niaga,0001000013,Deposito,2020-10-23,False,3649613996
ACC_1000014,PT_0005,PT. Nunukan Sarana Jaya,OCBC NISP,0001000014,Tabungan,2022-04-13,False,7940680876
ACC_1000015,PT_0006,PT. Multi Jayantara Abadi,Danamon,0001000015,Tabungan,2024-03-10,False,5555418576
ACC_1000016,PT_0006,PT. Multi Jayantara Abadi,CIMB Niaga,0001000016,Tabungan,2024-03-17,False,2813856271
ACC_1000017,PT_0006,PT. Multi Jayantara Abadi,OCBC NISP,0001000017,Deposito,2020-10-28,False,164200142
ACC_1000018,PT_0006,PT. Multi Jayantara Abadi,BTN,0001000018,Deposito,2023-12-13,False,5704896694
ACC_1000019,PT_0006,PT. Multi Jayantara Abadi,Mandiri,0001000019,Giro,2021-11-05,False,6542274219
ACC_1000020,PT_0007,PT. Nadia Humaira,Maybank,0001000020,Deposito,2022-05-07,False,2966299373
ACC_1000021,PT_0008,PT. Kartika Propitaganda,BCA,0001000021,Giro,2023-08-18,False,6410942232
ACC_1000022,PT_0009,PT. Sebatin,BRI,0001000022,Deposito,2020-10-24,False,8160081348
ACC_1000023,PT_0009,PT. Sebatin,BTN,0001000023,Giro,2021-08-19,False,3949863973
ACC_1000024,PT_0009,PT. Sebatin,Maybank,0001000024,Giro,2021-10-12,False,2446620692
ACC_1000025,PT_0009,PT. Sebatin,BTN,0001000025,Tabungan,2024-10-23,False,2711158192
ACC_1000026,PT_0009,PT. Sebatin,OCBC NISP,0001000026,Giro,2021-06-10,False,775156975
ACC_1000027,PT_0010,PT. Sawit Sukses Sejahtera,Permata,0001000027,Deposito,2023-09-27,True,347940927
ACC_1000028,PT_0010,PT. Sawit Sukses Sejahtera,Permata,0001000028,Deposito,2022-02-01,True,377972583
ACC_1000029,PT_0010,PT. Sawit Sukses Sejahtera,BTN,0001000029,Giro,2024-05-03,True,213284449
ACC_1000030,PT_0010,PT. Sawit Sukses Sejahtera,Maybank,0001000030,Deposito,2021-09-27,True,289863193
ACC_1000031,PT_0010,PT. Sawit Sukses Sejahtera,Mandiri,0001000031,Giro,2020-12-19,True,455023868
ACC_1000032,PT_0010,PT. Sawit Sukses Sejahtera,CIMB Niaga,0001000032,Giro,2023-09-21,True,102139203
ACC_1000033,PT_0011,PT. Batu Sempit Sawit Indonesia,BRI,0001000033,Deposito,2023-01-03,True,379541958
ACC_1000034,PT_0011,PT. Batu Sempit Sawit Indonesia,BCA,0001000034,Tabungan,2023-09-26,True,399828890
ACC_1000035,PT_0011,PT. Batu Sempit Sawit Indonesia,Maybank,0001000035,Tabungan,2021-06-28,True,382108549
ACC_1000036,PT_0011,PT. Batu Sempit Sawit Indonesia,BTN,0001000036,Giro,2020-06-15,True,342011881
ACC_1000037,PT_0012,PT. Uni Andalan Utama,CIMB Niaga,0001000037,Giro,2022-03-27,False,8906534262
ACC_1000038,PT_0012,PT. Uni Andalan Utama,Mandiri,0001000038,Deposito,2023-12-11,False,7916672554
ACC_1000039,PT_0012,PT. Uni Andalan Utama,Permata,0001000039,Giro,2023-04-30,False,227412789
ACC_1000040,PT_0012,PT. Uni Andalan Utama,BNI,0001000040,Deposito,2024-08-30,False,7934918529
ACC_1000041,PT_0012,PT. Uni Andalan Utama,Permata,0001000041,Giro,2020-08-01,False,3225842465
ACC_1000042,PT_0013,PT. Manggala Dharma Putra,Maybank,0001000042,Deposito,2024-05-17,False,7354052084
ACC_1000043,PT_0013,PT. Manggala Dharma Putra,Mandiri,0001000043,Giro,2022-12-20,False,3317176232
ACC_1000044,PT_0013,PT. Manggala Dharma Putra,BRI,0001000044,Deposito,2020-11-14,False,8421862044
ACC_1000045,PT_0013,PT. Manggala Dharma Putra,BNI,0001000045,Tabungan,2024-08-20,False,9284693437
ACC_1000046,PT_0014,PT. Mega Benua Utama,Mandiri,0001000046,Giro,2021-06-17,False,9223394237
ACC_1000047,PT_0014,PT. Mega Benua Utama,BTN,0001000047,Tabungan,2020-12-07,False,9967578397
ACC_1000048,PT_0014,PT. Mega Benua Utama,Mandiri,0001000048,Giro,2022-11-25,False,4117092254
ACC_1000049,PT_0014,PT. Mega Benua Utama,BTN,0001000049,Tabungan,2025-02-20,False,4529077655
ACC_1000050,PT_0015,PT. Wara Nusantara,Maybank,0001000050,Tabungan,2023-09-07,True,427832059
ACC_1000051,PT_0015,PT. Wara Nusantara,BCA,0001000051,Deposito,2022-07-15,True,461620291
ACC_1000052,PT_0015,PT. Wara Nusantara,Maybank,0001000052,Deposito,2025-03-14,True,490306556
ACC_1000053,PT_0016,PT. Kaltim Bangun Jaya,CIMB Niaga,0001000053,Giro,2024-01-18,True,459600585
ACC_1000054,PT_0016,PT. Kaltim Bangun Jaya,BTN,0001000054,Tabungan,2024-12-03,True,419349383
ACC_1000055,PT_0016,PT. Kaltim Bangun Jaya,BRI,0001000055,Tabungan,2021-12-01,True,133363218
ACC_1000056,PT_0016,PT. Kaltim Bangun Jaya,CIMB Niaga,0001000056,Tabungan,2021-03-06,True,420903725
ACC_1000057,PT_0017,PT. Agro Indomas-EK,BNI,0001000057,Tabungan,2021-02-09,True,67075682
ACC_1000058,PT_0017,PT. Agro Indomas-EK,CIMB Niaga,0001000058,Deposito,2021-03-05,True,333210773
ACC_1000059,PT_0017,PT. Agro Indomas-EK,Permata,0001000059,Deposito,2024-06-30,True,167773736
ACC_1000060,PT_0017,PT. Agro Indomas-EK,BCA,0001000060,Deposito,2022-09-05,True,143437906
ACC_1000061,PT_0017,PT. Agro Indomas-EK,CIMB Niaga,0001000061,Deposito,2022-11-27,True,229705692
ACC_1000062,PT_0018,PT DITJEN PERIKANAN,BRI,0001000062,Deposito,2024-03-11,False,2725853985
ACC_1000063,PT_0018,PT DITJEN PERIKANAN,BTN,0001000063,Giro,2023-05-26,False,1768074852
ACC_1000064,PT_0018,PT DITJEN PERIKANAN,Permata,0001000064,Giro,2025-05-16,False,7954958260
ACC_1000065,PT_0018,PT DITJEN PERIKANAN,BNI,0001000065,Deposito,2023-04-21,False,6480363145
ACC_1000066,PT_0019,PT. ADI HARDIAN BERSAUDARA,BRI,0001000066,Tabungan,2023-09-21,False,8603118520
ACC_1000067,PT_0019,PT. ADI HARDIAN BERSAUDARA,CIMB Niaga,0001000067,Giro,2021-05-10,False,8963223816
ACC_1000068,PT_0019,PT. ADI HARDIAN BERSAUDARA,BTN,0001000068,Giro,2022-08-05,False,8491640570
ACC_1000069,PT_0019,PT. ADI HARDIAN BERSAUDARA,CIMB Niaga,0001000069,Giro,2020-10-04,False,1841298339
ACC_1000070,PT_0019,PT. ADI HARDIAN BERSAUDARA,BCA,0001000070,Giro,2021-05-20,False,3991827814
ACC_1000071,PT_0020,PT. TANAH TUNJUNG PLATEU,Danamon,0001000071,Giro,2023-10-15,False,2876672167
ACC_1000072,PT_0020,PT. TANAH TUNJUNG PLATEU,CIMB Niaga,0001000072,Giro,2025-03-12,False,6422344713
ACC_1000073,PT_0020,PT. TANAH TUNJUNG PLATEU,Danamon,0001000073,Giro,2020-11-10,False,2265488757
ACC_1000074,PT_0020,PT. TANAH TUNJUNG PLATEU,BRI,0001000074,Giro,2021-01-13,False,3568982817
ACC_1000075,PT_0020,PT. TANAH TUNJUNG PLATEU,Maybank,0001000075,Tabungan,2024-05-10,False,9335690141
ACC_1000076,PT_0021,PTPN XIII,CIMB Niaga,0001000076,Tabungan,2023-02-27,False,1638312575
ACC_1000077,PT_0021,PTPN XIII,CIMB Niaga,0001000077,Giro,2021-11-28,False,8827034441
ACC_1000078,PT_0021,PTPN XIII,CIMB Niaga,0001000078,Giro,2022-07-25,False,1190190106
ACC_1000079,PT_0022,PT. AGRO CITY KALTIM,BNI,0001000079,Deposito,2023-07-14,True,292623592
ACC_1000080,PT_0022,PT. AGRO CITY KALTIM,CIMB Niaga,0001000080,Deposito,2025-05-02,True,141431454
ACC_1000081,PT_0022,PT. AGRO CITY KALTIM,Maybank,0001000081,Giro,2021-03-12,True,449257641
ACC_1000082,PT_0022,PT. AGRO CITY KALTIM,Maybank,0001000082,Tabungan,2022-07-01,True,262520387
ACC_1000083,PT_0023,PT. WANA SAWIT SUBUR LESTARI,Danamon,0001000083,Giro,2023-01-09,True,209315459
ACC_1000084,PT_0023,PT. WANA SAWIT SUBUR LESTARI,CIMB Niaga,0001000084,Giro,2024-01-06,True,361797432
ACC_1000085,PT_0023,PT. WANA SAWIT SUBUR LESTARI,BTN,0001000085,Deposito,2023-11-04,True,166128698
ACC_1000086,PT_0023,PT. WANA SAWIT SUBUR LESTARI,BTN,0001000086,Giro,2022-01-16,True,476886710
ACC_1000087,PT_0023,PT. WANA SAWIT SUBUR LESTARI,BNI,0001000087,Giro,2024-10-16,True,165486518
ACC_1000088,PT_0023,PT. WANA SAWIT SUBUR LESTARI,Danamon,0001000088,Deposito,2023-08-09,True,70448974
ACC_1000089,PT_0023,PT. WANA SAWIT SUBUR LESTARI,Permata,0001000089,Deposito,2023-05-13,True,235818322
ACC_1000090,PT_0024,PT. WANASAWIT SUBUR LESTARI,BTN,0001000090,Deposito,2021-06-23,False,9263547254
ACC_1000091,PT_0024,PT. WANASAWIT SUBUR LESTARI,OCBC NISP,0001000091,Giro,2024-09-26,False,2269321898
ACC_1000092,PT_0025,PT. SURYA MAS CITRA PERKASA,OCBC NISP,0001000092,Tabungan,2025-05-13,False,5735772947
ACC_1000093,PT_0025,PT. SURYA MAS CITRA PERKASA,Permata,0001000093,Giro,2021-05-06,False,8632313651
ACC_1000094,PT_0025,PT. SURYA MAS CITRA PERKASA,BRI,0001000094,Tabungan,2023-12-05,False,9126707876
ACC_1000095,PT_0025,PT. SURYA MAS CITRA PERKASA,BTN,0001000095,Deposito,2024-05-25,False,8469254870
ACC_1000096,PT_0025,PT. SURYA MAS CITRA PERKASA,Permata,0001000096,Giro,2025-04-29,False,3667225863
ACC_1000097,PT_0026,PT. BERKAH ALAM FAJAR MAS,CIMB Niaga,0001000097,Deposito,2022-03-21,False,895040465
ACC_1000098,PT_0026,PT. BERKAH ALAM FAJAR MAS,Maybank,0001000098,Tabungan,2024-11-29,False,4295157920
ACC_1000099,PT_0026,PT. BERKAH ALAM FAJAR MAS,Danamon,0001000099,Deposito,2024-04-28,False,1945122324
ACC_1000100,PT_0026,PT. BERKAH ALAM FAJAR MAS,BTN,0001000100,Giro,2024-10-04,False,8177071796
ACC_1000101,PT_0027,PT. KAHAYAN AGRO LESTARI,CIMB Niaga,0001000101,Tabungan,2025-03-29,False,3648182251
ACC_1000102,PT_0027,PT. KAHAYAN AGRO LESTARI,BNI,0001000102,Giro,2023-12-29,False,1053800758
ACC_1000103,PT_0028,PT KOP. WARGA JAYA,BCA,0001000103,Deposito,2025-04-20,False,1422023915
ACC_1000104,PT_0028,PT KOP. WARGA JAYA,Mandiri,0001000104,Deposito,2020-07-04,False,595094883
ACC_1000105,PT_0028,PT KOP. WARGA JAYA,BTN,0001000105,Deposito,2020-07-25,False,7499718423
ACC_1000106,PT_0029,PT. SANGKOWONG SINTA,Maybank,0001000106,Deposito,2025-02-26,False,2087781847
ACC_1000107,PT_0029,PT. SANGKOWONG SINTA,Mandiri,0001000107,Giro,2023-07-24,False,525555816
ACC_1000108,PT_0029,PT. SANGKOWONG SINTA,BRI,0001000108,Tabungan,2023-12-25,False,6656646570
ACC_1000109,PT_0029,PT. SANGKOWONG SINTA,Mandiri,0001000109,Giro,2021-02-13,False,1035902805
ACC_1000110,PT_0029,PT. SANGKOWONG SINTA,Maybank,0001000110,Deposito,2022-08-21,False,8150506985
ACC_1000111,PT_0030,PT. PULANG PISAU PERDANA,BCA,0001000111,Deposito,2024-05-22,False,5911122622
ACC_1000112,PT_0030,PT. PULANG PISAU PERDANA,BCA,0001000112,Tabungan,2025-05-03,False,2471637117
ACC_1000113,PT_0030,PT. PULANG PISAU PERDANA,BTN,0001000113,Tabungan,2021-07-05,False,2591051886
ACC_1000114,PT_0030,PT. PULANG PISAU PERDANA,BRI,0001000114,Tabungan,2021-02-01,False,7246868704
ACC_1000115,PT_0030,PT. PULANG PISAU PERDANA,Danamon,0001000115,Deposito,2024-07-07,False,5652154075
ACC_1000116,PT_0031,PT. LEMO JAYA,OCBC NISP,0001000116,Tabungan,2024-09-08,False,5920973648
ACC_1000117,PT_0031,PT. LEMO JAYA,Danamon,0001000117,Tabungan,2024-12-13,False,1254478693
ACC_1000118,PT_0031,PT. LEMO JAYA,BCA,0001000118,Deposito,2023-08-24,False,904658967
ACC_1000119,PT_0031,PT. LEMO JAYA,CIMB Niaga,0001000119,Giro,2021-05-06,False,7064045882
ACC_1000120,PT_0031,PT. LEMO JAYA,BRI,0001000120,Tabungan,2023-06-30,False,2785236336
ACC_1000121,PT_0032,PT. GLOBALINDO AGUNG LESTARI,Maybank,0001000121,Tabungan,2025-02-28,False,936561356
ACC_1000122,PT_0032,PT. GLOBALINDO AGUNG LESTARI,Maybank,0001000122,Deposito,2023-08-01,False,8063530666
ACC_1000123,PT_0032,PT. GLOBALINDO AGUNG LESTARI,OCBC NISP,0001000123,Giro,2023-02-04,False,3330745713
ACC_1000124,PT_0033,PT. GRAHA INDO SAWIT ANDAL TUNGGAL,BRI,0001000124,Deposito,2022-06-07,False,2040464596
ACC_1000125,PT_0033,PT. GRAHA INDO SAWIT ANDAL TUNGGAL,BTN,0001000125,Giro,2020-07-15,False,7464032467
ACC_1000126,PT_0033,PT. GRAHA INDO SAWIT ANDAL TUNGGAL,OCBC NISP,0001000126,Deposito,2021-09-12,False,1202335195
ACC_1000127,PT_0033,PT. GRAHA INDO SAWIT ANDAL TUNGGAL,BNI,0001000127,Deposito,2022-09-15,False,6039401647
ACC_1000128,PT_0033,PT. GRAHA INDO SAWIT ANDAL TUNGGAL,OCBC NISP,0001000128,Deposito,2024-08-01,False,6487161867
ACC_1000129,PT_0034,PT. RIMBA SAWIT UTAMA PLANINDO,Mandiri,0001000129,Tabungan,2022-10-07,False,845383878
ACC_1000130,PT_0034,PT. RIMBA SAWIT UTAMA PLANINDO,Maybank,0001000130,Tabungan,2023-11-13,False,2665544903
ACC_1000131,PT_0034,PT. RIMBA SAWIT UTAMA PLANINDO,OCBC NISP,0001000131,Giro,2023-05-10,False,8858461442
ACC_1000132,PT_0034,PT. RIMBA SAWIT UTAMA PLANINDO,Permata,0001000132,Giro,2025-05-20,False,1902421463
ACC_1000133,PT_0034,PT. RIMBA SAWIT UTAMA PLANINDO,BRI,0001000133,Giro,2023-04-10,False,6233721893
ACC_1000134,PT_0035,PT. BORNEO EKA SAWIT TANGGUH,BCA,0001000134,Deposito,2025-03-01,False,5024189878
ACC_1000135,PT_0035,PT. BORNEO EKA SAWIT TANGGUH,BNI,0001000135,Tabungan,2020-06-22,False,3733585028
ACC_1000136,PT_0035,PT. BORNEO EKA SAWIT TANGGUH,Permata,0001000136,Giro,2024-07-12,False,4732221524
ACC_1000137,PT_0035,PT. BORNEO EKA SAWIT TANGGUH,Permata,0001000137,Giro,2023-05-04,False,2939368614
ACC_1000138,PT_0035,PT. BORNEO EKA SAWIT TANGGUH,OCBC NISP,0001000138,Deposito,2023-07-04,False,5030233388
ACC_1000139,PT_0036,PT. Malindo Jaya Diraja,Maybank,0001000139,Deposito,2022-02-18,False,8324874773
ACC_1000140,PT_0036,PT. Malindo Jaya Diraja,BCA,0001000140,Tabungan,2024-12-29,False,7673056354
ACC_1000141,PT_0036,PT. Malindo Jaya Diraja,BTN,0001000141,Tabungan,2024-01-06,False,7616055135
ACC_1000142,PT_0037,PT. Kintap Jaya Wattindo,Permata,0001000142,Deposito,2023-03-31,True,295034383
ACC_1000143,PT_0037,PT. Kintap Jaya Wattindo,BTN,0001000143,Deposito,2024-07-04,True,242065053
ACC_1000144,PT_0037,PT. Kintap Jaya Wattindo,BRI,0001000144,Deposito,2021-06-28,True,79516968
ACC_1000145,PT_0037,PT. Kintap Jaya Wattindo,Permata,0001000145,Tabungan,2023-05-16,True,497437535
ACC_1000146,PT_0038,PT. Damit Mitra Sekawan,Maybank,0001000146,Giro,2022-11-01,False,5566693632
ACC_1000147,PT_0038,PT. Damit Mitra Sekawan,Permata,0001000147,Giro,2025-02-22,False,3459670229
ACC_1000148,PT_0039,PT. Bersama Sejahtera Sakti,Maybank,0001000148,Tabungan,2024-07-05,False,2308920644
ACC_1000149,PT_0039,PT. Bersama Sejahtera Sakti,BRI,0001000149,Deposito,2024-08-04,False,2482132483
ACC_1000150,PT_0039,PT. Bersama Sejahtera Sakti,CIMB Niaga,0001000150,Deposito,2024-07-04,False,7289571346
ACC_1000151,PT_0039,PT. Bersama Sejahtera Sakti,Permata,0001000151,Deposito,2021-07-29,False,3308514931
ACC_1000152,PT_0039,PT. Bersama Sejahtera Sakti,BTN,0001000152,Giro,2024-05-31,False,4318590517
ACC_1000153,PT_0040,PT. Inti Gerak Maju,BNI,0001000153,Giro,2020-10-31,False,1864417397
ACC_1000154,PT_0040,PT. Inti Gerak Maju,BNI,0001000154,Giro,2021-01-24,False,1463769398
ACC_1000155,PT_0040,PT. Inti Gerak Maju,BCA,0001000155,Tabungan,2021-04-11,False,9946670461
ACC_1000156,PT_0040,PT. Inti Gerak Maju,CIMB Niaga,0001000156,Deposito,2024-10-05,False,2386753596
ACC_1000157,PT_0041,PT. Sawita Karya Manunggal (SKM),BTN,0001000157,Giro,2021-10-25,False,949831813
ACC_1000158,PT_0041,PT. Sawita Karya Manunggal (SKM),BCA,0001000158,Giro,2022-06-28,False,2206746661
ACC_1000159,PT_0041,PT. Sawita Karya Manunggal (SKM),Danamon,0001000159,Deposito,2022-12-09,False,9290670409
ACC_1000160,PT_0042,PT. Golden Land Makmur,Mandiri,0001000160,Deposito,2021-11-12,True,283815219
ACC_1000161,PT_0042,PT. Golden Land Makmur,BCA,0001000161,Giro,2024-08-20,True,385337073
ACC_1000162,PT_0042,PT. Golden Land Makmur,CIMB Niaga,0001000162,Deposito,2023-10-28,True,82774938
ACC_1000163,PT_0043,PT. Natuna Inti Makmur,Maybank,0001000163,Deposito,2024-12-18,False,7403795536
ACC_1000164,PT_0043,PT. Natuna Inti Makmur,Permata,0001000164,Deposito,2020-12-12,False,2417656562
ACC_1000165,PT_0043,PT. Natuna Inti Makmur,BRI,0001000165,Deposito,2023-01-27,False,1008265093
ACC_1000166,PT_0043,PT. Natuna Inti Makmur,BCA,0001000166,Deposito,2021-02-02,False,8398004127
ACC_1000167,PT_0044,PT. Kaliau Mas Perkasa,BCA,0001000167,Deposito,2020-06-19,True,493209293
ACC_1000168,PT_0044,PT. Kaliau Mas Perkasa,BTN,0001000168,Giro,2021-11-10,True,96205320
ACC_1000169,PT_0044,PT. Kaliau Mas Perkasa,Danamon,0001000169,Deposito,2021-05-18,True,468406056
ACC_1000170,PT_0045,PT. Surya Mukti Perkasa,BCA,0001000170,Giro,2020-11-16,False,8588339656
ACC_1000171,PT_0045,PT. Surya Mukti Perkasa,OCBC NISP,0001000171,Giro,2025-03-04,False,4181550577
ACC_1000172,PT_0045,PT. Surya Mukti Perkasa,Mandiri,0001000172,Deposito,2022-05-27,False,7033928017
ACC_1000173,PT_0046,PT. Sepanjang Inti Surya Abadi,BTN,0001000173,Deposito,2022-01-16,False,3445989459
ACC_1000174,PT_0047,PT. Wira Karya Nusantari,Permata,0001000174,Tabungan,2024-03-11,True,183712657
ACC_1000175,PT_0047,PT. Wira Karya Nusantari,Permata,0001000175,Deposito,2021-01-15,True,191940110
ACC_1000176,PT_0047,PT. Wira Karya Nusantari,BCA,0001000176,Deposito,2025-03-23,True,235651631
ACC_1000177,PT_0047,PT. Wira Karya Nusantari,Danamon,0001000177,Deposito,2024-08-07,True,300833868
ACC_1000178,PT_0047,PT. Wira Karya Nusantari,OCBC NISP,0001000178,Giro,2023-02-03,True,180080625
ACC_1000179,PT_0047,PT. Wira Karya Nusantari,Mandiri,0001000179,Giro,2024-10-26,True,194935988
ACC_1000180,PT_0048,PT. Khatulistiwa Agro Abadi,Danamon,0001000180,Giro,2025-05-27,False,2098006296
ACC_1000181,PT_0048,PT. Khatulistiwa Agro Abadi,CIMB Niaga,0001000181,Giro,2024-09-13,False,607153175
ACC_1000182,PT_0048,PT. Khatulistiwa Agro Abadi,BRI,0001000182,Deposito,2022-10-06,False,8410336643
ACC_1000183,PT_0048,PT. Khatulistiwa Agro Abadi,BNI,0001000183,Deposito,2024-07-28,False,819809402
ACC_1000184,PT_0048,PT. Khatulistiwa Agro Abadi,OCBC NISP,0001000184,Deposito,2024-04-11,False,4448601727
ACC_1000185,PT_0049,PT. Kayung Agro Lestari,CIMB Niaga,0001000185,Tabungan,2021-09-15,False,2256736178
ACC_1000186,PT_0049,PT. Kayung Agro Lestari,Mandiri,0001000186,Giro,2023-10-17,False,8770100926
ACC_1000187,PT_0049,PT. Kayung Agro Lestari,BNI,0001000187,Tabungan,2021-05-04,False,8446547059
ACC_1000188,PT_0049,PT. Kayung Agro Lestari,CIMB Niaga,0001000188,Deposito,2022-10-13,False,4557507687
ACC_1000189,PT_0050,PT. Jalin Vaneo,BRI,0001000189,Tabungan,2021-11-08,True,488884097
ACC_1000190,PT_0050,PT. Jalin Vaneo,BNI,0001000190,Deposito,2023-09-05,True,225209231
ACC_1000191,PT_0050,PT. Jalin Vaneo,Permata,0001000191,Tabungan,2022-09-15,True,92960989
ACC_1000192,PT_0050,PT. Jalin Vaneo,Mandiri,0001000192,Deposito,2022-12-29,True,239304903
ACC_1000193,PT_0050,PT. Jalin Vaneo,BRI,0001000193,Tabungan,2022-12-29,True,94567429
ACC_1000194,PT_0051,PT. Airlangga Sawit Jaya,Danamon,0001000194,Giro,2024-12-23,False,5381531058
ACC_1000195,PT_0051,PT. Airlangga Sawit Jaya,Maybank,0001000195,Giro,2023-05-12,False,1767353049
ACC_1000196,PT_0051,PT. Airlangga Sawit Jaya,Danamon,0001000196,Tabungan,2024-03-01,False,7942347847
ACC_1000197,PT_0051,PT. Airlangga Sawit Jaya,Permata,0001000197,Tabungan,2022-06-09,False,9699786119
ACC_1000198,PT_0051,PT. Airlangga Sawit Jaya,BNI,0001000198,Tabungan,2021-05-03,False,2724539585
ACC_1000199,PT_0052,PT. Kapuas Bio Agro,BNI,0001000199,Deposito,2024-08-31,False,774586557
ACC_1000200,PT_0052,PT. Kapuas Bio Agro,BTN,0001000200,Giro,2020-07-01,False,6534600522
ACC_1000201,PT_0053,PT. Bumi Tani Jaya,Danamon,0001000201,Tabungan,2021-03-24,False,2356442974
ACC_1000202,PT_0054,PT. Buana Tunas Sejahtera,Danamon,0001000202,Tabungan,2022-03-20,False,3719445079
ACC_1000203,PT_0054,PT. Buana Tunas Sejahtera,OCBC NISP,0001000203,Tabungan,2023-12-25,False,7703562872
ACC_1000204,PT_0054,PT. Buana Tunas Sejahtera,OCBC NISP,0001000204,Tabungan,2021-07-17,False,1654533697
ACC_1000205,PT_0054,PT. Buana Tunas Sejahtera,OCBC NISP,0001000205,Deposito,2021-11-21,False,3727626289
ACC_1000206,PT_0055,PT. Bumi Suka Swakarsa,BCA,0001000206,Giro,2023-09-15,False,488504996
ACC_1000207,PT_0055,PT. Bumi Suka Swakarsa,Permata,0001000207,Deposito,2023-09-14,False,8359854117
ACC_1000208,PT_0056,PT. Natura Agrotani,OCBC NISP,0001000208,Giro,2024-03-02,False,1318419518
ACC_1000209,PT_0056,PT. Natura Agrotani,CIMB Niaga,0001000209,Tabungan,2024-06-05,False,9756645766
ACC_1000210,PT_0056,PT. Natura Agrotani,BRI,0001000210,Giro,2024-04-26,False,2213408121
ACC_1000211,PT_0057,PT. Sumber Sawit Sintang,BTN,0001000211,Deposito,2025-02-06,False,8408306734
ACC_1000212,PT_0057,PT. Sumber Sawit Sintang,BCA,0001000212,Deposito,2024-12-04,False,9863619488
ACC_1000213,PT_0058,PT. ADI JAYA MULIA,CIMB Niaga,0001000213,Giro,2023-05-10,False,875893963
ACC_1000214,PT_0059,PT. HENRISON INTI PERSADA,Maybank,0001000214,Tabungan,2024-12-22,False,6541718548
ACC_1000215,PT_0060,PT. IRMASULINDO,Permata,0001000215,Tabungan,2023-04-02,False,2492723781
ACC_1000216,PT_0061,PT. IRMASULINDO BLOK 1,OCBC NISP,0001000216,Deposito,2023-03-05,False,4457977474
ACC_1000217,PT_0062,PT. IRMASULINDO BLOK 2,BNI,0001000217,Giro,2022-09-21,True,414793105
ACC_1000218,PT_0062,PT. IRMASULINDO BLOK 2,Danamon,0001000218,Deposito,2022-03-31,True,310842095
ACC_1000219,PT_0062,PT. IRMASULINDO BLOK 2,Danamon,0001000219,Giro,2021-11-07,True,69958030
ACC_1000220,PT_0062,PT. IRMASULINDO BLOK 2,Mandiri,0001000220,Tabungan,2021-05-08,True,269115402
ACC_1000221,PT_0062,PT. IRMASULINDO BLOK 2,BCA,0001000221,Deposito,2024-03-17,True,320562178
ACC_1000222,PT_0062,PT. IRMASULINDO BLOK 2,BTN,0001000222,Tabungan,2020-12-16,True,63020588
ACC_1000223,PT_0062,PT. IRMASULINDO BLOK 2,Mandiri,0001000223,Deposito,2021-06-20,True,221966760
ACC_1000224,PT_0063,PT. NUSA IRIAN JAYA INDAH,BNI,0001000224,Deposito,2021-05-06,False,7437346608
ACC_1000225,PT_0063,PT. NUSA IRIAN JAYA INDAH,OCBC NISP,0001000225,Tabungan,2022-03-23,False,1394667872
ACC_1000226,PT_0064,PT. VARITA MAJUTAMA (BLOK A),BCA,0001000226,Giro,2022-06-27,True,202845397
ACC_1000227,PT_0064,PT. VARITA MAJUTAMA (BLOK A),CIMB Niaga,0001000227,Giro,2021-10-02,True,423066982
ACC_1000228,PT_0064,PT. VARITA MAJUTAMA (BLOK A),BRI,0001000228,Tabungan,2024-07-16,True,340080215
ACC_1000229,PT_0065,PT. KODECO MAMBERAMO,BTN,0001000229,Giro,2022-01-04,True,56304206
ACC_1000230,PT_0065,PT. KODECO MAMBERAMO,BTN,0001000230,Tabungan,2024-02-19,True,287543292
ACC_1000231,PT_0065,PT. KODECO MAMBERAMO,CIMB Niaga,0001000231,Tabungan,2024-04-19,True,484281603
ACC_1000232,PT_0065,PT. KODECO MAMBERAMO,BCA,0001000232,Giro,2022-07-09,True,364828167
ACC_1000233,PT_0065,PT. KODECO MAMBERAMO,Mandiri,0001000233,Tabungan,2024-09-09,True,436350727
ACC_1000234,PT_0065,PT. KODECO MAMBERAMO,BTN,0001000234,Giro,2022-06-04,True,440183059
ACC_1000235,PT_0065,PT. KODECO MAMBERAMO,BNI,0001000235,Tabungan,2023-11-14,True,199038383
ACC_1000236,PT_0065,PT. KODECO MAMBERAMO,Permata,0001000236,Tabungan,2022-03-11,True,334408396
ACC_1000237,PT_0066,PT. PENGEMBANGAN SUTRA ALAM,BCA,0001000237,Tabungan,2020-06-22,False,3771091118
ACC_1000238,PT_0066,PT. PENGEMBANGAN SUTRA ALAM,Danamon,0001000238,Giro,2021-03-16,False,7306382005
ACC_1000239,PT_0066,PT. PENGEMBANGAN SUTRA ALAM,CIMB Niaga,0001000239,Tabungan,2020-06-26,False,8448800223
ACC_1000240,PT_0067,PT. HASFARM NAPU,BCA,0001000240,Tabungan,2020-10-31,False,9643636583
ACC_1000241,PT_0067,PT. HASFARM NAPU,Mandiri,0001000241,Tabungan,2023-07-15,False,9095673875
ACC_1000242,PT_0067,PT. HASFARM NAPU,CIMB Niaga,0001000242,Giro,2020-11-10,False,879157435
ACC_1000243,PT_0067,PT. HASFARM NAPU,BTN,0001000243,Tabungan,2020-11-27,False,6163076337
ACC_1000244,PT_0067,PT. HASFARM NAPU,Mandiri,0001000244,Giro,2021-02-16,False,1827796011
ACC_1000245,PT_0068,PT. KURNIA LUWUK SEJATI,Danamon,0001000245,Giro,2023-09-26,False,7044891948
ACC_1000246,PT_0069,PT. KAWISAN CENTRAL ASIA,Danamon,0001000246,Deposito,2022-03-05,False,5165128674
ACC_1000247,PT_0069,PT. KAWISAN CENTRAL ASIA,BTN,0001000247,Deposito,2023-05-06,False,7631500445
ACC_1000248,PT_0070,PT. TOILI INDOTAMA,Mandiri,0001000248,Deposito,2022-05-24,False,4851138701
ACC_1000249,PT_0071,PTGUNUNG SYNAJI,OCBC NISP,0001000249,Giro,2024-10-04,False,2922915026
ACC_1000250,PT_0071,PTGUNUNG SYNAJI,Danamon,0001000250,Deposito,2022-01-30,False,1431233903
ACC_1000251,PT_0071,PTGUNUNG SYNAJI,Mandiri,0001000251,Deposito,2023-11-26,False,437183622
ACC_1000252,PT_0071,PTGUNUNG SYNAJI,Danamon,0001000252,Tabungan,2023-02-23,False,330172227
ACC_1000253,PT_0071,PTGUNUNG SYNAJI,Permata,0001000253,Deposito,2022-01-25,False,996322997
ACC_1000254,PT_0072,PTPERKEBUNAN XVIII/PN VII,CIMB Niaga,0001000254,Deposito,2021-12-16,False,7016327942
ACC_1000255,PT_0072,PTPERKEBUNAN XVIII/PN VII,BRI,0001000255,Tabungan,2023-04-26,False,6483886017
ACC_1000256,PT_0072,PTPERKEBUNAN XVIII/PN VII,BNI,0001000256,Tabungan,2022-05-19,False,1114272888
ACC_1000257,PT_0073,PT. Naga Manis Plantation,BRI,0001000257,Tabungan,2023-12-20,False,9210002178
ACC_1000258,PT_0074,PT. PERKEBUNAN I (SEBULUSSALAM),BNI,0001000258,Deposito,2023-09-01,False,3183434832
ACC_1000259,PT_0074,PT. PERKEBUNAN I (SEBULUSSALAM),BTN,0001000259,Deposito,2025-03-18,False,3833636053
ACC_1000260,PT_0074,PT. PERKEBUNAN I (SEBULUSSALAM),BRI,0001000260,Deposito,2021-11-22,False,9609717069
ACC_1000261,PT_0075,PT. BAHRUNY,OCBC NISP,0001000261,Giro,2022-06-21,False,1268609896
ACC_1000262,PT_0076,PT. ACEH TIMUR RUBBER COY,Maybank,0001000262,Tabungan,2023-06-11,False,7101720255
ACC_1000263,PT_0076,PT. ACEH TIMUR RUBBER COY,Danamon,0001000263,Deposito,2024-04-09,False,2471892538
ACC_1000264,PT_0077,PT. INCASI RAYA,CIMB Niaga,0001000264,Deposito,2025-02-16,False,4075451910
ACC_1000265,PT_0077,PT. INCASI RAYA,CIMB Niaga,0001000265,Deposito,2023-08-11,False,9032994151
ACC_1000266,PT_0078,PT. CIMELATI UTAMA,OCBC NISP,0001000266,Tabungan,2023-07-25,False,1274019678
ACC_1000267,PT_0078,PT. CIMELATI UTAMA,BTN,0001000267,Deposito,2021-12-09,False,8064476125
ACC_1000268,PT_0078,PT. CIMELATI UTAMA,Permata,0001000268,Tabungan,2023-12-05,False,9334981034
ACC_1000269,PT_0078,PT. CIMELATI UTAMA,CIMB Niaga,0001000269,Tabungan,2024-06-07,False,1479232001
ACC_1000270,PT_0078,PT. CIMELATI UTAMA,OCBC NISP,0001000270,Tabungan,2022-03-25,False,3641955837
ACC_1000271,PT_0079,PT. LARAS EKAMULIA,CIMB Niaga,0001000271,Giro,2025-03-17,False,1450549229
ACC_1000272,PT_0079,PT. LARAS EKAMULIA,CIMB Niaga,0001000272,Tabungan,2021-09-19,False,1279332199
ACC_1000273,PT_0080,PT. SECONA PERSADA (I),Mandiri,0001000273,Deposito,2020-10-14,False,4982553815
ACC_1000274,PT_0080,PT. SECONA PERSADA (I),BNI,0001000274,Giro,2021-06-08,False,5315631721
ACC_1000275,PT_0080,PT. SECONA PERSADA (I),Danamon,0001000275,Tabungan,2021-03-25,False,9787113657
ACC_1000276,PT_0080,PT. SECONA PERSADA (I),BCA,0001000276,Giro,2024-04-07,False,4592151277
ACC_1000277,SH_0001,PT LESTARI MANDIRI,BCA,0001000277,Tabungan,2024-10-03,True,396100576
ACC_1000278,SH_0001,PT LESTARI MANDIRI,BNI,0001000278,Deposito,2023-02-28,True,225178948
ACC_1000279,SH_0001,PT LESTARI MANDIRI,BTN,0001000279,Tabungan,2022-12-07,True,79257335
ACC_1000280,SH_0001,PT LESTARI MANDIRI,BNI,0001000280,Tabungan,2022-11-12,True,495377686
ACC_1000281,SH_0001,PT LESTARI MANDIRI,Maybank,0001000281,Tabungan,2023-05-26,True,285066684
ACC_1000282,SH_0001,PT LESTARI MANDIRI,BRI,0001000282,Deposito,2024-12-16,True,259478188
ACC_1000283,SH_0002,UD MAJU BERSAMA,OCBC NISP,0001000283,Deposito,2023-03-31,True,252401705
ACC_1000284,SH_0002,UD MAJU BERSAMA,Mandiri,0001000284,Tabungan,2022-11-20,True,371557961
ACC_1000285,SH_0002,UD MAJU BERSAMA,BTN,0001000285,Giro,2023-11-13,True,55752839
ACC_1000286,SH_0002,UD MAJU BERSAMA,Permata,0001000286,Tabungan,2021-03-28,True,332651229
ACC_1000287,SH_0002,UD MAJU BERSAMA,BCA,0001000287,Deposito,2023-01-29,True,327918216
ACC_1000288,SH_0003,PT LESTARI MANDIRI,CIMB Niaga,0001000288,Giro,2020-06-11,True,339592922
ACC_1000289,SH_0003,PT LESTARI MANDIRI,BCA,0001000289,Tabungan,2021-06-04,True,435758562
ACC_1000290,SH_0003,PT LESTARI MANDIRI,Maybank,0001000290,Deposito,2022-02-15,True,374989269
ACC_1000291,SH_0003,PT LESTARI MANDIRI,Danamon,0001000291,Deposito,2023-04-03,True,212453928
ACC_1000292,SH_0003,PT LESTARI MANDIRI,BNI,0001000292,Deposito,2023-10-08,True,238251979
ACC_1000293,SH_0003,PT LESTARI MANDIRI,Danamon,0001000293,Tabungan,2022-01-29,True,84877605
ACC_1000294,SH_0003,PT LESTARI MANDIRI,BRI,0001000294,Deposito,2024-10-23,True,304472859
ACC_1000295,SH_0004,CV NUSA INDAH,Maybank,0001000295,Tabungan,2024-09-30,True,154313606
ACC_1000296,SH_0004,CV NUSA INDAH,BRI,0001000296,Tabungan,2021-01-01,True,314177352
ACC_1000297,SH_0004,CV NUSA INDAH,Permata,0001000297,Tabungan,2021-04-27,True,394695706
ACC_1000298,SH_0005,PT LESTARI MANDIRI,BNI,0001000298,Giro,2020-08-24,True,193755108
ACC_1000299,SH_0005,PT LESTARI MANDIRI,BCA,0001000299,Deposito,2023-11-16,True,352986888
ACC_1000300,SH_0005,PT LESTARI MANDIRI,BNI,0001000300,Giro,2024-05-11,True,325002836
ACC_1000301,SH_0005,PT LESTARI MANDIRI,BRI,0001000301,Deposito,2023-06-16,True,112930732
ACC_1000302,SH_0005,PT LESTARI MANDIRI,Mandiri,0001000302,Deposito,2024-01-31,True,246759973
ACC_1000303,SH_0005,PT LESTARI MANDIRI,OCBC NISP,0001000303,Tabungan,2022-08-24,True,85878545
ACC_1000304,SH_0005,PT LESTARI MANDIRI,BCA,0001000304,Giro,2022-09-10,True,471214723
ACC_1000305,SH_0006,PT HARAPAN BARU,Danamon,0001000305,Tabungan,2021-12-09,True,76310527
ACC_1000306,SH_0006,PT HARAPAN BARU,Maybank,0001000306,Deposito,2025-02-03,True,496265659
ACC_1000307,SH_0006,PT HARAPAN BARU,BNI,0001000307,Giro,2022-02-24,True,365143146
ACC_1000308,SH_0006,PT HARAPAN BARU,Permata,0001000308,Tabungan,2023-09-29,True,112763190
ACC_1000309,SH_0006,PT HARAPAN BARU,BNI,0001000309,Deposito,2023-12-15,True,412618661
ACC_1000310,SH_0007,UD OMEGA PRIMA,BTN,0001000310,Giro,2023-01-27,True,356909946
ACC_1000311,SH_0007,UD OMEGA PRIMA,Permata,0001000311,Tabungan,2022-12-03,True,367916474
ACC_1000312,SH_0007,UD OMEGA PRIMA,OCBC NISP,0001000312,Deposito,2020-07-31,True,73584955
ACC_1000313,SH_0007,UD OMEGA PRIMA,BCA,0001000313,Tabungan,2021-05-20,True,387534411
ACC_1000314,SH_0007,UD OMEGA PRIMA,OCBC NISP,0001000314,Tabungan,2024-06-11,True,204552726
ACC_1000315,SH_0007,UD OMEGA PRIMA,CIMB Niaga,0001000315,Tabungan,2020-11-05,True,88014981
ACC_1000316,SH_0007,UD OMEGA PRIMA,CIMB Niaga,0001000316,Tabungan,2021-10-10,True,492600150
ACC_1000317,SH_0008,CV KARYA UTAMA,BRI,0001000317,Tabungan,2022-08-23,True,316299863
ACC_1000318,SH_0008,CV KARYA UTAMA,BRI,0001000318,Tabungan,2025-02-20,True,239846217
ACC_1000319,SH_0008,CV KARYA UTAMA,Maybank,0001000319,Deposito,2022-02-15,True,305100180
ACC_1000320,SH_0008,CV KARYA UTAMA,Danamon,0001000320,Deposito,2023-11-18,True,382197233
ACC_1000321,SH_0008,CV KARYA UTAMA,CIMB Niaga,0001000321,Tabungan,2021-01-23,True,488835711
ACC_1000322,SH_0008,CV KARYA UTAMA,CIMB Niaga,0001000322,Giro,2022-10-18,True,178518222
ACC_1000323,SH_0008,CV KARYA UTAMA,CIMB Niaga,0001000323,Deposito,2022-02-14,True,432060786
ACC_1000324,SH_0009,UD MAJU BERSAMA,Mandiri,0001000324,Giro,2025-02-24,True,59109276
ACC_1000325,SH_0009,UD MAJU BERSAMA,BRI,0001000325,Tabungan,2020-07-25,True,427188381
ACC_1000326,SH_0009,UD MAJU BERSAMA,CIMB Niaga,0001000326,Giro,2024-01-10,True,85163604
ACC_1000327,SH_0009,UD MAJU BERSAMA,Maybank,0001000327,Deposito,2023-09-18,True,226407688
ACC_1000328,SH_0009,UD MAJU BERSAMA,BNI,0001000328,Tabungan,2021-11-17,True,341262502
ACC_1000329,SH_0009,UD MAJU BERSAMA,Danamon,0001000329,Deposito,2023-10-23,True,456351492
ACC_1000330,SH_0009,UD MAJU BERSAMA,Maybank,0001000330,Tabungan,2023-01-19,True,272021432
ACC_1000331,SH_0010,PT GEMILANG ABADI,OCBC NISP,0001000331,Tabungan,2022-08-19,True,404256372
ACC_1000332,SH_0010,PT GEMILANG ABADI,BRI,0001000332,Giro,2025-01-30,True,387790736
ACC_1000333,SH_0010,PT GEMILANG ABADI,Danamon,0001000333,Giro,2023-07-31,True,463171573
ACC_1000334,SH_0010,PT GEMILANG ABADI,Mandiri,0001000334,Tabungan,2022-12-09,True,466836846
ACC_1000335,SH_0010,PT GEMILANG ABADI,OCBC NISP,0001000335,Deposito,2021-11-17,True,118709872
ACC_1000336,SH_0010,PT GEMILANG ABADI,Permata,0001000336,Giro,2021-05-27,True,318676016
ACC_1000337,SH_0011,PT HARAPAN BARU,BRI,0001000337,Giro,2023-09-11,True,441422952
ACC_1000338,SH_0011,PT HARAPAN BARU,BNI,0001000338,Tabungan,2022-02-25,True,254372217
ACC_1000339,SH_0011,PT HARAPAN BARU,CIMB Niaga,0001000339,Tabungan,2024-03-21,True,240493711
ACC_1000340,SH_0011,PT HARAPAN BARU,BTN,0001000340,Tabungan,2022-05-31,True,192614060
ACC_1000341,SH_0011,PT HARAPAN BARU,BCA,0001000341,Deposito,2020-11-03,True,244049951
ACC_1000342,SH_0011,PT HARAPAN BARU,Maybank,0001000342,Tabungan,2024-05-17,True,456684951
ACC_1000343,SH_0011,PT HARAPAN BARU,BCA,0001000343,Deposito,2023-04-08,True,348083984
ACC_1000344,SH_0011,PT HARAPAN BARU,BRI,0001000344,Giro,2022-01-20,True,458945592
ACC_1000345,SH_0012,CV KARYA UTAMA,Mandiri,0001000345,Deposito,2022-04-30,True,148076382
ACC_1000346,SH_0012,CV KARYA UTAMA,Mandiri,0001000346,Giro,2023-07-08,True,225786032
ACC_1000347,SH_0012,CV KARYA UTAMA,BCA,0001000347,Tabungan,2023-12-11,True,156504108
ACC_1000348,SH_0012,CV KARYA UTAMA,OCBC NISP,0001000348,Giro,2020-07-02,True,265841454
ACC_1000349,SH_0012,CV KARYA UTAMA,Permata,0001000349,Deposito,2021-09-23,True,270370137
ACC_1000350,SH_0012,CV KARYA UTAMA,CIMB Niaga,0001000350,Deposito,2020-11-14,True,176441391
ACC_1000351,SH_0012,CV KARYA UTAMA,OCBC NISP,0001000351,Deposito,2023-10-26,True,273684169
ACC_1000352,SH_0012,CV KARYA UTAMA,CIMB Niaga,0001000352,Giro,2021-10-07,True,169391792
ACC_1000353,SH_0013,CV NUSA INDAH,BCA,0001000353,Deposito,2025-01-16,True,456918469
ACC_1000354,SH_0013,CV NUSA INDAH,BRI,0001000354,Giro,2024-04-22,True,141973048
ACC_1000355,SH_0013,CV NUSA INDAH,BRI,0001000355,Tabungan,2025-03-12,True,68846390
ACC_1000356,SH_0014,PT INDAH PERMAI,Danamon,0001000356,Deposito,2024-02-22,True,273651733
ACC_1000357,SH_0014,PT INDAH PERMAI,Permata,0001000357,Deposito,2023-09-24,True,415132749
ACC_1000358,SH_0014,PT INDAH PERMAI,Permata,0001000358,Tabungan,2020-10-05,True,169362903
ACC_1000359,SH_0014,PT INDAH PERMAI,Mandiri,0001000359,Tabungan,2020-08-13,True,370229771
ACC_1000360,SH_0014,PT INDAH PERMAI,BTN,0001000360,Tabungan,2022-08-10,True,163948185
ACC_1000361,SH_0014,PT INDAH PERMAI,BNI,0001000361,Tabungan,2024-06-22,True,202639989
ACC_1000362,SH_0014,PT INDAH PERMAI,BRI,0001000362,Deposito,2021-01-26,True,404787159
ACC_1000363,SH_0015,UD MAJU BERSAMA,BNI,0001000363,Deposito,2022-02-22,True,292852388
ACC_1000364,SH_0015,UD MAJU BERSAMA,BCA,0001000364,Tabungan,2025-05-03,True,404965742
ACC_1000365,SH_0015,UD MAJU BERSAMA,BRI,0001000365,Tabungan,2024-12-15,True,368591909
ACC_1000366,SH_0015,UD MAJU BERSAMA,Danamon,0001000366,Deposito,2023-03-20,True,187393633
ACC_1000367,SH_0015,UD MAJU BERSAMA,BRI,0001000367,Giro,2021-10-14,True,256285926
ACC_1000368,SH_0015,UD MAJU BERSAMA,CIMB Niaga,0001000368,Deposito,2022-04-07,True,457409947
ACC_1000369,SH_0015,UD MAJU BERSAMA,BRI,0001000369,Deposito,2020-10-29,True,167266774
ACC_1000370,SH_0016,CV EMAS KENCANA,BNI,0001000370,Deposito,2025-05-12,True,399576090
ACC_1000371,SH_0016,CV EMAS KENCANA,Mandiri,0001000371,Deposito,2024-10-21,True,56650910
ACC_1000372,SH_0016,CV EMAS KENCANA,Maybank,0001000372,Tabungan,2022-05-20,True,292670159
ACC_1000373,SH_0016,CV EMAS KENCANA,Maybank,0001000373,Giro,2024-05-04,True,462578491
ACC_1000374,SH_0017,UD BERKAH NUSANTARA,OCBC NISP,0001000374,Giro,2022-10-20,True,131727358
ACC_1000375,SH_0017,UD BERKAH NUSANTARA,Danamon,0001000375,Deposito,2025-02-12,True,71564305
ACC_1000376,SH_0017,UD BERKAH NUSANTARA,BRI,0001000376,Giro,2024-06-20,True,85553212
ACC_1000377,SH_0017,UD BERKAH NUSANTARA,BCA,0001000377,Deposito,2022-08-19,True,50710183
ACC_1000378,SH_0017,UD BERKAH NUSANTARA,BRI,0001000378,Deposito,2021-02-24,True,355540684
ACC_1000379,SH_0018,PT GEMILANG ABADI,BRI,0001000379,Giro,2024-08-18,True,216330663
ACC_1000380,SH_0018,PT GEMILANG ABADI,BTN,0001000380,Deposito,2023-06-21,True,148163603
ACC_1000381,SH_0018,PT GEMILANG ABADI,Maybank,0001000381,Deposito,2025-04-10,True,314201359
ACC_1000382,SH_0018,PT GEMILANG ABADI,Mandiri,0001000382,Deposito,2022-03-25,True,270981741
ACC_1000383,SH_0018,PT GEMILANG ABADI,BRI,0001000383,Tabungan,2024-06-26,True,318573637
ACC_1000384,SH_0018,PT GEMILANG ABADI,CIMB Niaga,0001000384,Deposito,2020-12-10,True,219503081
ACC_1000385,SH_0019,PT INDAH PERMAI,BNI,0001000385,Giro,2023-08-07,True,252260399
ACC_1000386,SH_0019,PT INDAH PERMAI,Danamon,0001000386,Tabungan,2022-04-03,True,139501284
ACC_1000387,SH_0019,PT INDAH PERMAI,Danamon,0001000387,Deposito,2024-10-09,True,459991431
ACC_1000388,SH_0019,PT INDAH PERMAI,Permata,0001000388,Tabungan,2023-07-22,True,237452584
ACC_1000389,SH_0019,PT INDAH PERMAI,OCBC NISP,0001000389,Tabungan,2021-04-08,True,244049927
ACC_1000390,SH_0020,PT HARAPAN BARU,Danamon,0001000390,Tabungan,2024-12-08,True,457347365
ACC_1000391,SH_0020,PT HARAPAN BARU,Maybank,0001000391,Deposito,2023-12-24,True,270520985
ACC_1000392,SH_0020,PT HARAPAN BARU,OCBC NISP,0001000392,Deposito,2024-09-25,True,414181618
ACC_1000393,SH_0020,PT HARAPAN BARU,Danamon,0001000393,Tabungan,2024-04-24,True,229015102
ACC_1000394,SH_0020,PT HARAPAN BARU,Maybank,0001000394,Deposito,2022-10-03,True,470995183
ACC_1000395,SH_0020,PT HARAPAN BARU,BCA,0001000395,Giro,2025-02-10,True,430859268
ACC_1000396,SH_0020,PT HARAPAN BARU,Maybank,0001000396,Tabungan,2024-11-21,True,53428830
ACC_1000397,SH_0021,CV PRIMA SEJAHTERA,Maybank,0001000397,Deposito,2024-03-25,True,480605635
ACC_1000398,SH_0021,CV PRIMA SEJAHTERA,BTN,0001000398,Giro,2021-01-03,True,187200929
ACC_1000399,SH_0021,CV PRIMA SEJAHTERA,Permata,0001000399,Giro,2024-01-27,True,407290086
ACC_1000400,SH_0021,CV PRIMA SEJAHTERA,Maybank,0001000400,Deposito,2023-06-02,True,219074513
ACC_1000401,SH_0021,CV PRIMA SEJAHTERA,BRI,0001000401,Giro,2022-10-20,True,129298118
ACC_1000402,SH_0021,CV PRIMA SEJAHTERA,Mandiri,0001000402,Deposito,2022-07-26,True,381982188
ACC_1000403,SH_0021,CV PRIMA SEJAHTERA,Maybank,0001000403,Giro,2020-08-25,True,159882347
ACC_1000404,SH_0022,PT HARAPAN BARU,BRI,0001000404,Giro,2023-01-20,True,486551668
ACC_1000405,SH_0022,PT HARAPAN BARU,Danamon,0001000405,Giro,2025-05-24,True,63256528
ACC_1000406,SH_0022,PT HARAPAN BARU,Mandiri,0001000406,Giro,2022-01-15,True,113496033
ACC_1000407,SH_0023,CV DUTA SEJAHTERA,BCA,0001000407,Deposito,2022-02-28,True,66763684
ACC_1000408,SH_0023,CV DUTA SEJAHTERA,BRI,0001000408,Tabungan,2025-02-01,True,141143749
ACC_1000409,SH_0023,CV DUTA SEJAHTERA,BCA,0001000409,Giro,2022-01-31,True,146430712
ACC_1000410,SH_0024,CV KARYA UTAMA,Permata,0001000410,Deposito,2022-12-11,True,90148190
ACC_1000411,SH_0024,CV KARYA UTAMA,Danamon,0001000411,Deposito,2023-08-07,True,148693339
ACC_1000412,SH_0024,CV KARYA UTAMA,BRI,0001000412,Tabungan,2023-01-25,True,496755067
ACC_1000413,SH_0024,CV KARYA UTAMA,OCBC NISP,0001000413,Giro,2023-03-21,True,366591081
ACC_1000414,SH_0024,CV KARYA UTAMA,Mandiri,0001000414,Tabungan,2022-04-10,True,441426091
ACC_1000415,SH_0024,CV KARYA UTAMA,Permata,0001000415,Giro,2023-11-21,True,427513724
ACC_1000416,SH_0024,CV KARYA UTAMA,Maybank,0001000416,Giro,2022-04-15,True,407557401
ACC_1000417,SH_0024,CV KARYA UTAMA,Danamon,0001000417,Tabungan,2022-01-17,True,310887818
ACC_1000418,SH_0025,CV JAYA MAKMUR,CIMB Niaga,0001000418,Tabungan,2024-03-31,True,230947270
ACC_1000419,SH_0025,CV JAYA MAKMUR,Permata,0001000419,Giro,2020-08-08,True,111573901
ACC_1000420,SH_0025,CV JAYA MAKMUR,BNI,0001000420,Tabungan,2024-03-12,True,117501746
ACC_1000421,SH_0025,CV JAYA MAKMUR,Permata,0001000421,Tabungan,2025-05-17,True,305236360
ACC_1000422,SH_0025,CV JAYA MAKMUR,BRI,0001000422,Tabungan,2021-10-28,True,155659250
ACC_1000423,SH_0025,CV JAYA MAKMUR,BNI,0001000423,Tabungan,2023-08-26,True,430023047
ACC_1000424,SH_0026,PT LESTARI MANDIRI,OCBC NISP,0001000424,Tabungan,2023-03-17,True,432283299
ACC_1000425,SH_0026,PT LESTARI MANDIRI,BCA,0001000425,Giro,2022-06-18,True,188753969
ACC_1000426,SH_0026,PT LESTARI MANDIRI,Permata,0001000426,Deposito,2023-12-20,True,422709205
ACC_1000427,SH_0026,PT LESTARI MANDIRI,CIMB Niaga,0001000427,Giro,2021-01-10,True,464414931
ACC_1000428,SH_0027,UD MAJU BERSAMA,OCBC NISP,0001000428,Deposito,2021-04-06,True,344527481
ACC_1000429,SH_0027,UD MAJU BERSAMA,Danamon,0001000429,Giro,2023-10-07,True,169937583
ACC_1000430,SH_0027,UD MAJU BERSAMA,Permata,0001000430,Giro,2024-05-26,True,221689400
ACC_1000431,SH_0027,UD MAJU BERSAMA,BCA,0001000431,Giro,2025-02-03,True,213442466
ACC_1000432,SH_0027,UD MAJU BERSAMA,BTN,0001000432,Tabungan,2025-01-03,True,395445327
ACC_1000433,SH_0027,UD MAJU BERSAMA,BTN,0001000433,Deposito,2024-11-05,True,350525142
ACC_1000434,SH_0027,UD MAJU BERSAMA,OCBC NISP,0001000434,Giro,2020-09-15,True,143703554
ACC_1000435,SH_0027,UD MAJU BERSAMA,BTN,0001000435,Tabungan,2021-09-28,True,55148023
ACC_1000436,SH_0028,UD MAJU BERSAMA,BRI,0001000436,Giro,2022-05-30,True,298790186
ACC_1000437,SH_0028,UD MAJU BERSAMA,OCBC NISP,0001000437,Giro,2024-01-23,True,262131871
ACC_1000438,SH_0028,UD MAJU BERSAMA,Maybank,0001000438,Giro,2023-05-03,True,433935879
ACC_1000439,SH_0028,UD MAJU BERSAMA,BNI,0001000439,Giro,2021-11-12,True,95333388
ACC_1000440,SH_0028,UD MAJU BERSAMA,Permata,0001000440,Giro,2020-12-29,True,317326960
ACC_1000441,SH_0028,UD MAJU BERSAMA,Permata,0001000441,Tabungan,2022-06-22,True,460529468
ACC_1000442,SH_0028,UD MAJU BERSAMA,Mandiri,0001000442,Giro,2022-02-08,True,489723099
ACC_1000443,SH_0028,UD MAJU BERSAMA,BCA,0001000443,Giro,2020-07-15,True,211969881
ACC_1000444,SH_0029,PT HARAPAN BARU,Maybank,0001000444,Giro,2020-12-25,True,144992228
ACC_1000445,SH_0029,PT HARAPAN BARU,OCBC NISP,0001000445,Giro,2024-12-02,True,266367988
ACC_1000446,SH_0029,PT HARAPAN BARU,OCBC NISP,0001000446,Tabungan,2024-11-15,True,186530127
ACC_1000447,SH_0029,PT HARAPAN BARU,Maybank,0001000447,Giro,2022-02-05,True,487596210
ACC_1000448,SH_0029,PT HARAPAN BARU,BCA,0001000448,Tabungan,2022-02-02,True,287928417
ACC_1000449,SH_0030,PT CAHAYA MANDIRI,CIMB Niaga,0001000449,Tabungan,2024-04-02,True,194578884
ACC_1000450,SH_0030,PT CAHAYA MANDIRI,CIMB Niaga,0001000450,Deposito,2021-11-25,True,428841643
ACC_1000451,SH_0030,PT CAHAYA MANDIRI,OCBC NISP,0001000451,Tabungan,2022-05-28,True,387631511
ACC_1000452,SH_0030,PT CAHAYA MANDIRI,Maybank,0001000452,Tabungan,2021-11-15,True,346665677
ACC_1000453,SH_0030,PT CAHAYA MANDIRI,Maybank,0001000453,Deposito,2021-04-09,True,382077230
ACC_1000454,SH_0030,PT CAHAYA MANDIRI,Danamon,0001000454,Tabungan,2021-02-01,True,124112395
