company_id,nama_perseroan,kbli,alamat_lengkap,kode_pos,maksud_tujuan,modal_dasar,modal_ditempatkan,modal_disetor,nilai_nominal_saham,jumlah_saham,direktur_utama,direktur_nik,direktur_npwp,komisaris_utama,komisaris_nik,komisaris_npwp,jangka_waktu,tanggal_akta,notaris,npwp_perusahaan,status_perusahaan,is_suspicious,risk_score,pemegang_saham_1_nama,pemegang_saham_1_nik,pemegang_saham_1_npwp,pemegang_saham_1_persentase,pemegang_saham_2_nama,pemegang_saham_2_nik,pemegang_saham_2_npwp,pemegang_saham_2_persentase,pemegang_saham_3_nama,pemegang_saham_3_nik,pemegang_saham_3_npwp,pemegang_saham_3_persentase
PT_0001,PT. Sena Bangun Aneka Pertiwi,01135,"Jl. Ciwastra No. 9
Denpasar, KI 13341",68825,Usaha perkebunan kelapa sawit dan pengolahan hasil,16606078636,7361264552,6958837633,5000000,1472,Zaki Budiman,32152106563833,85.199.273.6-736.383,Budi Syahputra,35782904680283,17.764.714.4-176.850,Tidak terbatas,2018-02-23,Yusuf Andriani,80.327.262.9-231.211,Aktif,False,31,Citra Budiman,34712506943102,96.175.990.1-701.731,100.0,,,,,,,,
PT_0002,PT. Borneo Indah Marjaya,02200,"Jalan Astana Anyar No. 68
Bau-Bau, JI 02421",54801,Usaha perkebunan kelapa sawit dan pengolahan hasil,55886453152,40855227878,30100653269,1000000,40855,Yudi Putri,34713103741677,22.889.552.6-817.758,Sari Wijaya,32732611633357,36.281.799.2-501.397,Tidak terbatas,2012-04-17,Dewi Safitri,69.286.601.8-110.423,Aktif,False,23,Tono Rachmadi,32011505711850,87.243.286.6-969.584,33.99,Linda Darmawan,64712609551905,86.418.756.1-943.856,23.13,Dewi Kusuma,32732507681991,55.980.269.1-782.692,30.08
PT_0003,PT. Dewi Anthika Bahari,02200,"Gang Ciwastra No. 57
Manado, JB 48855",91746,Usaha perkebunan kelapa sawit dan pengolahan hasil,87751359106,22496066415,21726951961,5000000,4499,Dewi Kusuma,32011405808059,25.980.664.7-735.546,Citra Budiman,34711402907240,78.661.341.7-124.288,Tidak terbatas,2012-04-26,Humaira Riyanti,56.295.933.8-863.628,Aktif,False,30,Hadi Wibowo,32732408706950,20.442.100.3-364.817,21.38,Sari Pratama,31740211914709,74.359.709.4-927.656,45.3,Maya Darmawan,18711010797489,52.659.982.5-203.104,25.58
PT_0004,PT. Imperindo Hasta Eka,46691,"Jl. Kendalsari No. 5
Cimahi, Nusa Tenggara Timur 94889",77348,Usaha perkebunan kelapa sawit dan pengolahan hasil,33012499104,13033439274,9703097474,5000000,2606,Dewi Kusuma,32151909757892,15.629.642.7-814.124,Sari Sari,35782307981932,44.718.278.7-254.577,Tidak terbatas,2017-08-07,"Bahuwarna Hartati, S.Pt",14.923.690.6-238.835,Aktif,False,21,Sari Wijaya,31741007856865,88.288.707.6-393.107,100.0,,,,,,,,
PT_0005,PT. Nunukan Sarana Jaya,02200,"Jl. Pacuan Kuda No. 586
Subulussalam, Gorontalo 15681",04322,Usaha perkebunan kelapa sawit dan pengolahan hasil,23585209967,14894405198,10965027488,10000000,1489,Endang Wahyudi,32152501858827,10.234.801.1-221.457,Ratna Wibowo,18710710648830,57.353.864.4-628.141,Tidak terbatas,2018-10-27,Salman Padmasari,36.530.374.2-626.775,Aktif,False,29,Hadi Santoso,32011004633789,19.500.512.3-678.732,20.61,Sari Darmawan,32013108608293,80.289.387.8-903.560,79.39,,,,
PT_0006,PT. Multi Jayantara Abadi,01134,"Gang Gegerkalong Hilir No. 06
Bekasi, BA 25838",14817,Usaha perkebunan kelapa sawit dan pengolahan hasil,90908004961,63150859724,53384471700,5000000,12630,Maya Putra,32011107741193,17.870.502.5-494.392,Citra Wijaya,18712808838505,99.543.586.5-578.691,Tidak terbatas,2012-02-20,Raden Jailani,88.194.298.3-758.388,Aktif,False,40,Vina Putri,35782404826159,80.891.589.5-691.988,27.51,Farid Kurniawan,64711808560438,94.989.704.7-744.636,49.75,Tono Wijaya,18711905914889,69.483.532.5-366.603,17.94
PT_0007,PT. Nadia Humaira,02200,"Gang Monginsidi No. 5
Padangpanjang, Lampung 54572",43681,Usaha perkebunan kelapa sawit dan pengolahan hasil,74262766316,25402389026,19575369950,1000000,25402,Oki Kusuma,32152312922906,56.432.584.6-694.487,Fitri Wardana,31740411636204,38.539.275.3-523.801,Tidak terbatas,2007-10-02,"Jail Lailasari, M.TI.",65.737.288.3-893.125,Aktif,False,26,Sinta Setiawan,31742809818034,75.263.412.6-176.273,100.0,,,,,,,,
PT_0008,PT. Kartika Propitaganda,10411,"Jalan Cempaka No. 66
Banjarbaru, DI Yogyakarta 82487",25519,Usaha perkebunan kelapa sawit dan pengolahan hasil,15096419426,5922952313,5771904432,1000000,5922,Joko Budiman,34710305907508,51.256.971.9-898.354,Kartika Gunawan,32010204649058,21.210.818.2-119.601,Tidak terbatas,2014-08-08,Xanana Habibi,30.117.813.6-277.276,Aktif,False,13,Tono Wijaya,34711611894699,22.332.524.7-968.548,79.14,Sinta Rachmadi,64710403870500,28.297.345.6-862.317,15.93,Sari Pratama,64711706777473,60.723.725.4-908.997,4.93
PT_0009,PT. Sebatin,02200,"Gang KH Amin Jasuta No. 930
Purwokerto, SN 55191",41049,Usaha perkebunan kelapa sawit dan pengolahan hasil,68582663315,29660444793,27895163432,1000000,29660,Farid Hartono,31740903916304,58.804.902.8-686.687,Ratna Wibowo,32151310939738,96.342.284.8-313.847,Tidak terbatas,2009-01-01,"Yuliana Habibi, S.Sos",63.624.408.6-723.932,Aktif,False,39,Citra Permana,35780608873939,69.859.168.6-837.134,31.12,Ahmad Wahyudi,32011710749686,76.956.417.3-641.190,10.45,Wati Wibowo,18712608667093,48.157.609.4-300.820,58.42999999999999
PT_0010,PT. Sawit Sukses Sejahtera,46691,"Gang Gardujati No. 2
Bukittinggi, Kepulauan Riau 31453",90893,Usaha perkebunan kelapa sawit dan pengolahan hasil,50416466282,36639765895,27662020344,1000000,36639,Fitri Gunawan,32010603741199,95.723.140.8-680.229,Sari Rahman,34710307852692,50.726.390.5-396.538,Tidak terbatas,2011-02-17,Enteng Mayasari,69.926.297.2-285.928,Aktif,False,31,Ahmad Wahyudi,32151001947499,36.408.385.7-558.237,39.94,Budi Permana,31742401607895,28.466.336.7-498.399,60.06,,,,
PT_0011,PT. Batu Sempit Sawit Indonesia,01135,"Jl. BKR No. 02
Batu, Papua Barat 55947",95378,Usaha perkebunan kelapa sawit dan pengolahan hasil,76659471595,39669176983,36843446004,5000000,7933,Wati Wahyudi,34712902004713,77.524.914.9-524.255,Citra Wahyudi,34712905810736,96.448.905.4-788.410,Tidak terbatas,2010-03-06,Calista Simanjuntak,33.279.401.9-855.278,Aktif,False,19,Yudi Rahman,32011203964902,47.826.428.3-235.960,18.11,Citra Budiman,34712901947647,46.227.352.7-396.608,81.89,,,,
PT_0012,PT. Uni Andalan Utama,46691,"Gg. Raya Setiabudhi No. 1
Palu, Maluku Utara 20562",55118,Usaha perkebunan kelapa sawit dan pengolahan hasil,91527182176,55626111862,43981644231,5000000,11125,Oki Putri,35782002634899,81.198.723.3-120.109,Fitri Rahman,32012808635604,46.112.501.4-181.704,Tidak terbatas,2006-01-01,Titin Wasita,14.596.559.9-643.786,Aktif,False,34,Andi Permana,34710212546976,19.717.724.8-128.490,16.13,Linda Budiman,64713112763628,37.209.657.2-917.688,40.32,Sinta Rachmadi,35780210689835,22.537.695.3-607.147,43.550000000000004
PT_0013,PT. Manggala Dharma Putra,02200,"Gg. W.R. Supratman No. 8
Singkawang, BB 82148",05264,Usaha perkebunan kelapa sawit dan pengolahan hasil,40350581797,19208237627,15516469295,1000000,19208,Budi Budiman,35781107945311,60.213.756.6-396.275,Bayu Permana,32151807594336,64.675.831.2-707.614,Tidak terbatas,2014-10-28,Mala Rahayu,93.702.361.5-848.663,Aktif,False,12,Budi Budiman,18711203926185,77.515.818.5-993.408,100.0,,,,,,,,
PT_0014,PT. Mega Benua Utama,46691,"Jalan Cikapayang No. 771
Lhokseumawe, SG 01138",54113,Usaha perkebunan kelapa sawit dan pengolahan hasil,35323989494,15064149241,13286764385,1000000,15064,Ratna Firmansyah,32732702606260,20.802.916.5-902.375,Andi Permana,34711308812455,11.823.719.9-364.402,Tidak terbatas,2008-04-21,Citra Palastri,60.186.127.1-331.779,Aktif,False,40,Oki Wibowo,64711203689636,90.175.653.4-416.710,26.3,Bayu Firmansyah,34711909680044,88.172.763.9-642.471,73.7,,,,
PT_0015,PT. Wara Nusantara,02200,"Jl. Rungkut Industri No. 1
Batu, Kepulauan Riau 22619",46109,Usaha perkebunan kelapa sawit dan pengolahan hasil,39930050525,14859421072,14127972936,10000000,1485,Putra Kurniawan,18710401620651,41.936.756.6-471.970,Dewi Hartono,34710107575537,48.141.324.5-711.534,Tidak terbatas,2019-01-13,Bancar Tampubolon,19.186.207.2-235.997,Aktif,False,30,Vina Putri,31741206692947,28.347.545.3-233.603,51.41,Wati Santoso,32150209581727,34.936.193.1-105.399,21.46,Sinta Hakim,18712308584965,54.739.301.2-482.655,27.130000000000003
PT_0016,PT. Kaltim Bangun Jaya,01134,"Jalan Moch. Toha No. 736
Singkawang, SG 15349",78602,Usaha perkebunan kelapa sawit dan pengolahan hasil,69657242897,36210058347,32130603658,5000000,7242,Citra Nugroho,31740104723241,66.253.617.5-159.325,Umar Wardana,31740910874756,86.865.915.2-294.322,Tidak terbatas,2014-11-27,Lidya Maryati,96.369.293.5-616.599,Aktif,False,34,Oki Wijaya,32010209561833,49.713.488.2-101.422,69.51,Sari Darmawan,35780801866233,58.689.586.2-152.970,30.489999999999995,,,,
PT_0017,PT. Agro Indomas-EK,10411,"Gg. Gedebage Selatan No. 53
Sawahlunto, Bengkulu 26004",76303,Usaha perkebunan kelapa sawit dan pengolahan hasil,92138334680,64138326946,55140956411,5000000,12827,Zaki Kusuma,32153010872677,77.438.339.3-841.725,Bayu Firmansyah,18710910662165,11.254.700.4-519.756,Tidak terbatas,2006-02-26,Prabu Sihombing,77.264.924.5-545.210,Aktif,False,40,Budi Rahman,64710901988475,71.340.318.8-592.220,16.37,Sari Pratama,31743110913332,94.155.625.2-665.727,21.36,Dian Syahputra,64712402616790,91.150.752.3-163.349,62.269999999999996
PT_0018,PT DITJEN PERIKANAN,02200,"Gang BKR No. 783
Manado, PA 54887",67093,Usaha perkebunan kelapa sawit dan pengolahan hasil,62419057054,24870914180,22482816084,10000000,2487,Maya Darmawan,35783010961093,85.805.397.3-414.594,Tono Rachmadi,18713105813876,65.242.798.8-828.410,Tidak terbatas,2015-04-23,"Hadi Handayani, S.Psi",55.458.481.9-527.623,Aktif,False,30,Zaki Permana,34710703869002,15.820.219.8-176.331,64.46,Bayu Santoso,35783103939339,61.286.167.3-557.448,20.69,Ratna Setiawan,34711806618422,48.221.713.6-745.962,14.850000000000005
PT_0019,PT. ADI HARDIAN BERSAUDARA,10412,"Gang Jakarta No. 49
Probolinggo, JK 75012",45414,Usaha perkebunan kelapa sawit dan pengolahan hasil,13358859279,5292551311,5237864635,1000000,5292,Wati Wibowo,31742312638578,85.498.713.1-635.639,Ratna Permana,18710902774786,10.998.926.2-789.484,Tidak terbatas,2016-06-17,Perkasa Lestari,52.343.525.5-872.126,Aktif,False,10,Linda Darmawan,35783008753092,71.585.161.7-667.355,100.0,,,,,,,,
PT_0020,PT. TANAH TUNJUNG PLATEU,10412,"Gang Ciumbuleuit No. 5
Pekalongan, Riau 00013",65317,Usaha perkebunan kelapa sawit dan pengolahan hasil,91140246256,68157898789,54074942551,5000000,13631,Oki Hartono,18712109647445,48.410.630.2-897.699,Farid Hartono,35781711854231,48.744.497.9-468.430,Tidak terbatas,2021-09-16,"Laras Lazuardi, S.H.",54.146.404.1-891.191,Aktif,False,22,Ratna Permana,34710310982050,22.645.536.1-991.375,75.11,Sinta Rahman,64711203565111,98.586.134.5-391.120,12.27,Indra Pratama,32012007627304,83.906.109.8-330.103,12.620000000000001
PT_0021,PTPN XIII,01134,"Gang Cihampelas No. 56
Gorontalo, SB 03499",11010,Usaha perkebunan kelapa sawit dan pengolahan hasil,15139493121,7620986261,5498893588,10000000,762,Gina Putri,32732601730056,39.949.779.7-127.453,Sari Darmawan,32731002733399,12.938.193.8-124.489,Tidak terbatas,2007-06-12,Tiara Jailani,76.892.462.9-973.665,Aktif,False,33,Maya Wijaya,32011708853734,79.414.611.3-374.796,52.48,Ahmad Kusuma,32011209988096,18.767.263.2-407.628,44.52,Vina Putri,18711212644436,81.130.159.7-681.164,9.96
PT_0022,PT. AGRO CITY KALTIM,01135,"Jalan Rungkut Industri No. 3
Padang Sidempuan, Jawa Barat 63120",33303,Usaha perkebunan kelapa sawit dan pengolahan hasil,15887453697,8862734888,6633297456,10000000,886,Citra Permana,64710401586925,42.484.415.3-948.506,Hadi Santoso,35783007822650,23.916.868.1-559.559,Tidak terbatas,2013-10-28,Rafi Najmudin,46.513.318.9-268.634,Aktif,False,31,Eko Syahputra,35780401736188,39.680.176.9-274.639,24.48,Ratna Hidayat,18710211762232,11.743.407.4-277.686,24.23,Wati Wahyudi,18712611776933,32.518.451.1-769.757,29.8
PT_0023,PT. WANA SAWIT SUBUR LESTARI,01135,"Gg. R.E Martadinata No. 594
Bontang, Bali 69841",80452,Usaha perkebunan kelapa sawit dan pengolahan hasil,24373709032,18883845231,17190284308,5000000,3776,Tono Wijaya,32150409961835,19.763.828.8-438.362,Yudi Putri,32732912696817,56.305.298.4-611.128,Tidak terbatas,2014-07-16,dr. Ilsa Megantara,93.864.307.4-655.711,Aktif,False,21,Dian Sari,64710503674060,17.956.134.1-618.894,42.96,Vina Sari,31742805968015,44.773.625.1-669.870,34.85,Maya Putra,32732611653665,54.698.994.7-379.360,22.189999999999998
PT_0024,PT. WANASAWIT SUBUR LESTARI,02200,"Jl. Suryakencana No. 7
Pangkalpinang, YO 79288",96254,Usaha perkebunan kelapa sawit dan pengolahan hasil,52976329240,28901290641,25412174706,10000000,2890,Putra Sari,18712205979405,54.427.370.7-323.721,Zaki Santoso,18711107954774,54.670.440.7-486.720,Tidak terbatas,2021-06-17,Asmadi Mayasari,68.538.342.3-674.185,Aktif,False,24,Joko Budiman,64712711919544,82.204.143.6-914.232,26.52,Indra Wijaya,35783012948437,80.146.241.4-680.683,73.48,,,,
PT_0025,PT. SURYA MAS CITRA PERKASA,02200,"Jalan Moch. Ramdan No. 32
Ambon, Maluku 31975",72726,Usaha perkebunan kelapa sawit dan pengolahan hasil,55069795961,19567575340,15733591056,5000000,3913,Putra Kurniawan,18712707694165,30.220.740.2-999.229,Oki Kusuma,32011603556450,80.434.987.6-151.147,Tidak terbatas,2013-12-21,"Kasiyah Samosir, M.Kom.",22.459.101.8-894.394,Aktif,False,12,Citra Wahyudi,32732109781904,58.192.303.1-710.449,100.0,,,,,,,,
PT_0026,PT. BERKAH ALAM FAJAR MAS,01135,"Jl. Antapani Lama No. 510
Sungai Penuh, Riau 31277",47962,Usaha perkebunan kelapa sawit dan pengolahan hasil,94269914155,26917321263,24699627910,10000000,2691,Joko Putri,32731708767262,40.796.407.4-325.419,Ratna Firmansyah,32151611940673,56.515.821.3-914.800,Tidak terbatas,2006-10-11,Puti Ani Mandala,59.858.209.5-189.315,Aktif,False,23,Bayu Hakim,64710105807372,72.261.283.1-249.276,44.16,Joko Budiman,18712808855597,84.227.380.3-213.325,48.65,Budi Permana,18712406897724,62.727.554.4-902.706,6.77
PT_0027,PT. KAHAYAN AGRO LESTARI,02200,"Jl. Cihampelas No. 40
Bitung, Kalimantan Utara 96139",89288,Usaha perkebunan kelapa sawit dan pengolahan hasil,2087007574,520614502,230035003,10000000,52,Farid Putra,32152203721854,45.200.565.2-836.434,Indra Pratama,64713110961833,49.566.606.9-139.929,13 tahun,2024-02-13,Panca Mandasari,30.893.356.8-280.451,Aktif,True,78,Hadi Pratama,32730502648583,51.972.409.4-512.619,57.73,Endang Kusuma,32151901614719,79.143.303.5-416.744,34.4,Citra Hidayat,31742809543703,32.774.880.1-791.879,7.22
PT_0028,PT KOP. WARGA JAYA,10411,"Gang Rawamangun No. 79
Tarakan, ST 69410",67168,Usaha perkebunan kelapa sawit dan pengolahan hasil,86033381112,23152458761,22526490275,5000000,4630,Linda Wibowo,32730312837352,35.540.274.6-544.342,Citra Budiman,64712612928226,18.221.946.8-567.264,Tidak terbatas,2021-10-11,Nilam Haryanto,56.542.424.1-852.743,Aktif,False,28,Fitri Gunawan,32151112864428,71.739.368.6-133.321,78.94,Oki Sari,32011610565860,35.185.217.4-156.576,13.81,Putra Putri,31742706605698,26.708.728.1-504.186,9.38
PT_0029,PT. SANGKOWONG SINTA,10411,"Gg. Kiaracondong No. 1
Sawahlunto, YO 26808",87112,Usaha perkebunan kelapa sawit dan pengolahan hasil,17076915261,5935906565,4168452723,1000000,5935,Citra Nugroho,32731503809650,16.597.277.5-341.582,Andi Wahyudi,32731408911657,93.225.401.9-484.613,Tidak terbatas,2011-03-31,Ade Salahudin,52.193.144.1-416.456,Aktif,False,33,Vina Putri,18712201699032,86.325.807.8-425.331,100.0,,,,,,,,
PT_0030,PT. PULANG PISAU PERDANA,10411,"Gang Erlangga No. 164
Banjarbaru, Aceh 53412",47249,Usaha perkebunan kelapa sawit dan pengolahan hasil,12237073317,3262297777,2830020134,5000000,652,Wati Pratama,34712708673851,98.589.585.8-459.983,Oki Putri,32731910547224,53.611.940.9-489.959,Tidak terbatas,2009-02-08,Ikin Puspita,73.119.813.7-569.466,Aktif,False,25,Oki Putri,18710408581374,47.905.136.4-289.803,57.43,Farid Putra,18712802691642,39.716.184.3-663.160,42.57,,,,
PT_0031,PT. LEMO JAYA,01135,"Gg. S. Parman No. 136
Yogyakarta, JT 88119",12918,Usaha perkebunan kelapa sawit dan pengolahan hasil,97185032210,24783064117,23767429886,5000000,4956,Dian Sari,34712604615713,22.397.972.7-947.584,Bayu Firmansyah,32151412984709,59.245.688.1-121.269,Tidak terbatas,2011-09-03,Dagel Haryanti,76.900.185.3-474.984,Aktif,False,32,Oki Hartono,64711703560618,39.178.314.9-465.347,70.06,Eko Permana,32012301880584,84.616.215.6-202.978,18.58,Maya Wibowo,32012106846317,66.893.232.9-487.245,10.14
PT_0032,PT. GLOBALINDO AGUNG LESTARI,02200,"Jalan Erlangga No. 25
Tebingtinggi, Sulawesi Tengah 25792",24276,Usaha perkebunan kelapa sawit dan pengolahan hasil,92241573595,64407736974,57229221474,5000000,12881,Farid Hidayat,35780109647874,77.511.140.3-513.802,Andi Santoso,32151906818533,88.512.897.2-241.499,Tidak terbatas,2006-03-17,"Drajat Widodo, S.Psi",72.701.260.3-864.930,Aktif,False,30,Ahmad Kusuma,31743003568370,84.678.962.2-826.992,21.12,Dewi Sari,64711910982123,41.123.308.3-103.140,78.88,,,,
PT_0033,PT. GRAHA INDO SAWIT ANDAL TUNGGAL,01134,"Gg. Dr. Djunjunan No. 76
Bitung, Aceh 96363",18372,Usaha perkebunan kelapa sawit dan pengolahan hasil,24508040311,17647448186,12997625283,10000000,1764,Kartika Hartono,32731910563097,63.201.565.7-953.720,Putra Santoso,64713008843821,59.474.350.3-307.377,Tidak terbatas,2016-08-25,Bakda Wulandari,19.777.392.7-878.120,Aktif,False,35,Gina Wahyudi,35780901732967,99.180.202.6-757.666,65.28,Ratna Firmansyah,64712705719415,17.165.427.7-858.698,34.72,,,,
PT_0034,PT. RIMBA SAWIT UTAMA PLANINDO,10411,"Gg. Wonoayu No. 169
Meulaboh, PB 13069",14337,Usaha perkebunan kelapa sawit dan pengolahan hasil,54561092982,42095756971,33961434066,1000000,42095,Joko Hartono,64712209719450,46.320.449.9-760.693,Eko Syahputra,18711012644752,29.437.358.3-949.904,Tidak terbatas,2020-03-24,Unggul Situmorang,55.634.239.8-429.531,Aktif,False,23,Joko Putri,32152607852735,49.921.797.6-745.169,38.49,Wati Wardana,35780103618346,44.933.548.2-344.826,22.26,Ratna Hidayat,64712811907593,33.306.526.2-453.535,19.52
PT_0035,PT. BORNEO EKA SAWIT TANGGUH,02200,"Jalan Gardujati No. 50
Lubuklinggau, KI 05648",40939,Usaha perkebunan kelapa sawit dan pengolahan hasil,2934859547,634718391,117386699,1000000,634,Ahmad Gunawan,31742209900014,45.129.446.3-308.413,Wati Pratama,18710203954958,15.529.929.3-552.750,10 tahun,2023-12-30,Ajeng Wahyuni,22.318.405.7-351.158,Aktif,True,76,Maya Putra,34711810848117,76.415.563.9-517.526,47.74,Tono Wibowo,18711211749899,48.959.617.2-249.239,44.59,Vina Putri,31741309550506,51.772.876.8-821.263,8.18
PT_0036,PT. Malindo Jaya Diraja,01134,"Jl. Cikutra Barat No. 42
Banjarmasin, KB 23121",91075,Usaha perkebunan kelapa sawit dan pengolahan hasil,41044341548,25652758800,22946586358,10000000,2565,Sari Wijaya,64711210892655,32.101.906.3-276.333,Fitri Gunawan,35780506951236,32.609.102.1-323.993,Tidak terbatas,2019-11-25,Galuh Nashiruddin,47.668.664.9-197.739,Aktif,False,28,Joko Gunawan,64711102938203,82.700.470.7-929.382,76.77,Andi Permana,64710106550252,84.814.591.7-856.613,18.71,Citra Wahyudi,32150506691320,54.145.100.6-218.395,9.32
PT_0037,PT. Kintap Jaya Wattindo,10412,"Gang Jend. A. Yani No. 508
Bogor, JT 36908",38762,Usaha perkebunan kelapa sawit dan pengolahan hasil,23885636434,10617326880,7524169266,5000000,2123,Kartika Rahman,18711510573811,21.800.812.2-633.110,Maya Wibowo,34710810551539,54.659.560.2-990.109,Tidak terbatas,2012-04-25,"R.A. Vivi Uyainah, S.E.I",70.297.523.3-669.314,Aktif,False,30,Umar Hakim,32012201661990,58.868.656.7-631.372,32.99,Dian Syahputra,35780206857846,17.624.962.5-985.251,38.7,Yudi Firmansyah,35781210956019,79.426.599.2-543.339,27.16
PT_0038,PT. Damit Mitra Sekawan,46691,"Jalan Cempaka No. 417
Surabaya, RI 50009",41912,Usaha perkebunan kelapa sawit dan pengolahan hasil,4686874178,475055078,61703272,1000000,475,Kartika Hartono,32153007874029,44.399.366.5-978.643,Zaki Permana,32730112698583,47.332.195.7-290.974,25 tahun,2025-03-15,Nrima Zulaika,88.551.356.8-754.940,Aktif,True,80,Maya Wibowo,31740904984957,84.712.534.2-722.901,15.1,Dewi Sari,34713107635994,35.732.718.1-613.913,44.39,Ahmad Kusuma,34710210859484,12.387.850.7-444.790,40.510000000000005
PT_0039,PT. Bersama Sejahtera Sakti,10411,"Gg. Suniaraja No. 468
Kotamobagu, SN 97710",18263,Usaha perkebunan kelapa sawit dan pengolahan hasil,23150262191,16147248997,15032308693,5000000,3229,Zaki Permana,35781008722734,52.121.973.2-596.435,Umar Wahyudi,18712703736626,99.412.680.9-754.124,Tidak terbatas,2021-02-25,Cawisadi Firmansyah,55.691.544.6-546.865,Aktif,False,39,Putra Kurniawan,35781805991225,72.587.355.5-338.210,52.13,Budi Rahman,31740908553737,11.773.168.7-501.694,25.47,Gina Wahyudi,18711908981345,24.559.848.4-875.196,22.4
PT_0040,PT. Inti Gerak Maju,02200,"Gg. Moch. Ramdan No. 598
Cilegon, Jambi 94134",64632,Usaha perkebunan kelapa sawit dan pengolahan hasil,59120877785,26997159431,25042720598,1000000,26997,Sari Wijaya,18710910996778,97.888.430.3-950.654,Wati Setiawan,18710809907346,95.500.525.9-428.897,Tidak terbatas,2011-02-01,Martani Prastuti,54.440.496.7-146.146,Aktif,False,19,Gina Wahyudi,35782007894389,66.786.302.8-908.153,79.3,Zaki Budiman,64711206696180,71.767.951.7-126.674,15.03,Budi Syahputra,35782008594640,99.534.545.8-789.929,9.79
PT_0041,PT. Sawita Karya Manunggal (SKM),10412,"Jalan Rawamangun No. 749
Bitung, JB 78752",63886,Usaha perkebunan kelapa sawit dan pengolahan hasil,1852133497,446030548,110384346,1000000,446,Maya Sari,34710708638094,64.435.383.8-330.497,Joko Wijaya,32150410982063,36.596.411.7-906.879,14 tahun,2025-02-01,Zelaya Winarno,78.235.586.6-345.621,Aktif,True,94,Endang Hidayat,32731802872739,48.473.382.2-424.642,41.47,Dewi Pratama,35782703837213,84.374.696.6-776.371,38.1,Dewi Santoso,35781709847039,84.788.142.6-436.675,16.56
PT_0042,PT. Golden Land Makmur,01135,"Jl. Sukabumi No. 8
Madiun, Sulawesi Selatan 97028",66932,Usaha perkebunan kelapa sawit dan pengolahan hasil,66191736860,42768560834,37121306626,10000000,4276,Hadi Wibowo,31742101717645,98.686.864.8-535.996,Vina Wardana,64710801804771,90.368.947.8-484.269,Tidak terbatas,2008-04-29,R. Harimurti Hutagalung,74.700.543.6-386.373,Aktif,False,38,Sari Pratama,34711606762494,62.327.788.5-996.716,100.0,,,,,,,,
PT_0043,PT. Natuna Inti Makmur,01135,"Jl. Yos Sudarso No. 38
Tegal, SR 98820",26992,Usaha perkebunan kelapa sawit dan pengolahan hasil,46331138727,22331850119,16992201354,1000000,22331,Endang Hartono,32010107819503,74.131.974.1-176.342,Budi Rahman,64711807911687,85.569.141.9-465.294,Tidak terbatas,2017-02-01,Kayla Utama,52.628.660.9-833.941,Aktif,False,27,Citra Hakim,32012402960259,20.307.507.6-639.197,62.64,Ratna Wijaya,64710611920891,67.215.831.3-113.221,33.87,Joko Darmawan,32732712631124,78.437.786.6-393.284,3.490000000000002
PT_0044,PT. Kaliau Mas Perkasa,01134,"Gang Kebonjati No. 258
Kota Administrasi Jakarta Barat, LA 66056",03211,Usaha perkebunan kelapa sawit dan pengolahan hasil,85630748848,22731940683,20660141430,10000000,2273,Oki Sari,64710106724284,73.259.196.1-412.116,Maya Sari,34712910863205,89.781.736.2-337.144,Tidak terbatas,2006-03-29,"R.M. Cakrabuana Suryono, M.Farm",75.357.348.1-322.619,Aktif,False,40,Bayu Wibowo,32151212637596,91.988.989.4-262.769,72.84,Ahmad Gunawan,18711106623156,94.504.884.3-664.386,21.99,Budi Syahputra,32731712597218,17.417.258.8-119.657,5.169999999999998
PT_0045,PT. Surya Mukti Perkasa,02200,"Gang Pasir Koja No. 4
Bitung, Riau 63426",85821,Usaha perkebunan kelapa sawit dan pengolahan hasil,33634232882,17725531963,15189129063,1000000,17725,Wati Pratama,18711709579462,54.283.401.7-945.437,Maya Hakim,32150904963256,31.255.908.9-817.605,Tidak terbatas,2019-03-26,Puti Sihotang,73.250.402.9-320.368,Aktif,False,17,Bayu Permana,31741310875795,78.912.997.5-947.756,44.28,Kartika Hartono,31740706690507,66.970.653.4-768.616,43.7,Dewi Santoso,18711505718983,59.658.598.8-507.912,12.019999999999996
PT_0046,PT. Sepanjang Inti Surya Abadi,01135,"Gang M.H Thamrin No. 861
Langsa, Sulawesi Tenggara 86646",32759,Usaha perkebunan kelapa sawit dan pengolahan hasil,95315671676,66945138254,60953546158,1000000,66945,Sari Darmawan,64713011611132,57.406.325.2-383.149,Dian Wibowo,32010212824068,82.156.913.7-887.755,Tidak terbatas,2020-12-21,Cengkal Fujiati,29.457.164.5-993.607,Aktif,False,36,Zaki Santoso,18712409693986,89.833.680.8-632.393,70.4,Eko Syahputra,34712406756508,44.720.786.4-483.470,17.86,Zaki Kusuma,32151508681864,20.367.274.9-454.360,11.739999999999995
PT_0047,PT. Wira Karya Nusantari,01134,"Jalan Kutai No. 51
Solok, NB 67687",95771,Usaha perkebunan kelapa sawit dan pengolahan hasil,65545658749,35961209539,26145313857,5000000,7192,Fitri Gunawan,32011510684479,50.761.189.3-191.656,Citra Hidayat,18712509926385,97.458.484.7-864.700,Tidak terbatas,2006-08-13,Jaswadi Tamba,91.741.233.6-691.532,Aktif,False,27,Vina Putra,64710511638332,83.766.154.4-290.649,72.93,Farid Putra,31740709844758,48.879.103.5-175.662,24.09,Ahmad Kusuma,34711811992256,10.950.116.2-414.107,8.21
PT_0048,PT. Khatulistiwa Agro Abadi,10411,"Gang Waringin No. 433
Sibolga, Aceh 60886",85586,Usaha perkebunan kelapa sawit dan pengolahan hasil,20596341340,10754867643,10212736350,5000000,2150,Vina Putri,34710208551174,38.516.668.4-894.256,Vina Putra,31740101795072,38.998.641.1-352.695,Tidak terbatas,2019-12-06,T. Adinata Napitupulu,61.588.744.7-867.284,Aktif,False,24,Putra Sari,31742910839019,46.618.757.1-246.968,100.0,,,,,,,,
PT_0049,PT. Kayung Agro Lestari,01135,"Jalan Ahmad Dahlan No. 568
Padang, KT 51051",48289,Usaha perkebunan kelapa sawit dan pengolahan hasil,23569236348,6911975874,5180307974,1000000,6911,Citra Permana,64710809689955,75.720.196.1-289.858,Indra Wahyudi,18712003600983,83.523.987.4-150.184,Tidak terbatas,2020-08-07,"Opan Hakim, S.Ked",61.562.335.8-730.452,Aktif,False,10,Dewi Pratama,32730303596886,31.393.163.6-160.974,45.71,Farid Hartono,32010301811110,11.484.996.2-159.565,36.86,Farid Putra,34712908924854,81.278.640.3-500.483,14.13
PT_0050,PT. Jalin Vaneo,01135,"Jl. Kapten Muslihat No. 655
Cilegon, Bengkulu 45525",75003,Usaha perkebunan kelapa sawit dan pengolahan hasil,4353592461,934162425,179758174,1000000,934,Yudi Rahman,32730603769512,40.795.571.9-358.724,Citra Gunawan,32151111799628,59.551.874.1-267.499,16 tahun,2023-09-19,"Dirja Usamah, S.IP",21.808.866.2-399.954,Aktif,True,84,Sinta Hakim,32012706736328,92.630.188.4-401.859,66.43,Endang Pratama,32010902723581,38.112.703.6-928.501,24.06,Budi Putri,34712110870849,47.461.986.2-524.522,9.509999999999994
PT_0051,PT. Airlangga Sawit Jaya,10411,"Jalan Lembong No. 957
Ambon, Kalimantan Tengah 22744",86181,Usaha perkebunan kelapa sawit dan pengolahan hasil,25726100791,10554400071,8136548847,10000000,1055,Hadi Wibowo,34712604889330,59.645.459.1-897.693,Hadi Santoso,31740312867000,22.565.573.6-413.825,Tidak terbatas,2011-08-20,"T. Narji Mayasari, S.Pd",78.169.938.4-306.681,Aktif,False,32,Joko Putri,32010511796407,78.962.983.4-530.739,26.85,Citra Hidayat,64712511708337,81.184.692.8-141.581,73.15,,,,
PT_0052,PT. Kapuas Bio Agro,10412,"Gang Raya Ujungberung No. 58
Kota Administrasi Jakarta Timur, Sumatera Utara 78458",14535,Usaha perkebunan kelapa sawit dan pengolahan hasil,52460203891,28225643002,25071203460,1000000,28225,Putra Wahyudi,35782005605959,92.439.751.1-924.759,Eko Santoso,31742405939879,29.677.458.1-297.808,Tidak terbatas,2006-04-11,Kamidin Widodo,16.907.490.7-339.874,Aktif,False,27,Dewi Kusuma,32731003853592,66.173.545.7-847.843,53.47,Indra Permana,32732208903335,56.520.644.3-556.643,31.21,Wati Setiawan,35780901679447,50.427.229.1-385.139,15.32
PT_0053,PT. Bumi Tani Jaya,10412,"Jalan Waringin No. 5
Kota Administrasi Jakarta Barat, NT 98192",41273,Usaha perkebunan kelapa sawit dan pengolahan hasil,74218491321,52006375577,38254182320,1000000,52006,Zaki Santoso,31740503857867,49.579.920.8-570.528,Endang Hartono,64711211865017,23.834.484.3-897.619,Tidak terbatas,2016-05-08,Widya Nasyiah,85.991.691.5-118.303,Aktif,False,12,Dian Wibowo,35781808660530,93.567.271.8-684.726,42.15,Sinta Rahman,35781609863829,12.280.910.7-332.793,31.04,Sari Pratama,18710110605840,62.500.913.9-837.943,16.72
PT_0054,PT. Buana Tunas Sejahtera,01134,"Jalan Cikapayang No. 113
Banda Aceh, Kepulauan Bangka Belitung 67452",20117,Usaha perkebunan kelapa sawit dan pengolahan hasil,4741051750,904523920,431276632,5000000,180,Tono Wibowo,18710209867192,81.560.121.1-514.412,Putra Kusuma,32732802974324,47.731.952.8-949.450,15 tahun,2023-12-27,"Novi Samosir, S.Pt",95.209.449.3-144.698,Aktif,True,79,Hadi Pratama,32730111880174,21.335.797.6-288.659,48.84,Oki Hartono,32151002900898,74.280.635.3-112.279,23.3,Indra Budiman,32011306718500,33.179.918.2-251.373,22.96
PT_0055,PT. Bumi Suka Swakarsa,10412,"Gang Lembong No. 552
Ternate, GO 39768",42987,Usaha perkebunan kelapa sawit dan pengolahan hasil,82981089612,57233043461,46497982505,5000000,11446,Kartika Hartono,64712905923584,76.395.538.6-496.880,Andi Wahyudi,35780510673652,88.684.799.2-754.920,Tidak terbatas,2015-04-06,"Puti Ilsa Pratiwi, S.T.",19.688.796.9-434.461,Aktif,False,20,Tono Rachmadi,32150403681897,29.291.876.8-974.180,100.0,,,,,,,,
PT_0056,PT. Natura Agrotani,10411,"Gg. Rungkut Industri No. 4
Singkawang, KT 86721",34390,Usaha perkebunan kelapa sawit dan pengolahan hasil,14625255085,9694863722,8734703385,1000000,9694,Endang Hakim,32011302586084,47.569.388.7-931.527,Oki Budiman,64711709802718,37.465.124.2-837.434,Tidak terbatas,2010-11-21,Budi Latupono,26.474.848.5-893.728,Aktif,False,10,Kartika Hartono,34712607713214,61.344.305.5-766.595,37.07,Sari Darmawan,32733105842933,75.779.866.2-264.728,20.92,Citra Permana,32152205863971,51.268.332.8-950.484,42.01
PT_0057,PT. Sumber Sawit Sintang,10411,"Gg. Gegerkalong Hilir No. 10
Gorontalo, Jawa Timur 13117",16473,Usaha perkebunan kelapa sawit dan pengolahan hasil,97493677436,49360786368,45425343513,1000000,49360,Citra Nugroho,18711503581424,54.964.566.8-520.740,Umar Kurniawan,64710807716711,82.123.625.9-565.299,Tidak terbatas,2011-08-12,Jasmin Simanjuntak,70.456.670.2-796.115,Aktif,False,18,Oki Budiman,64710511632865,65.281.403.2-958.561,61.79,Maya Darmawan,18711601753814,38.651.129.4-824.285,33.3,Kartika Hartono,32733009574655,46.597.966.6-390.636,3.97
PT_0058,PT. ADI JAYA MULIA,01134,"Gg. Ir. H. Djuanda No. 491
Salatiga, Kalimantan Barat 85537",66432,Usaha perkebunan kelapa sawit dan pengolahan hasil,77987384548,53479347170,52105615721,10000000,5347,Farid Rachmadi,18712701690843,64.290.999.7-294.949,Ahmad Wahyudi,18712102003714,23.954.752.5-966.149,Tidak terbatas,2018-04-24,"Drs. Ira Yolanda, S.H.",53.522.359.1-777.246,Aktif,False,20,Wati Nugroho,18713107709836,81.237.527.7-763.542,20.06,Budi Putri,32152103738054,63.863.956.3-151.871,26.99,Hadi Santoso,64712301776213,42.302.436.6-678.787,23.9
PT_0059,PT. HENRISON INTI PERSADA,01134,"Gang Cikutra Barat No. 9
Purwokerto, PB 64888",04951,Usaha perkebunan kelapa sawit dan pengolahan hasil,66867943286,17520955098,14773378942,1000000,17520,Budi Budiman,32731603621669,10.440.859.4-240.388,Endang Kusuma,34710306656331,41.969.731.1-824.104,Tidak terbatas,2011-01-28,"Balidin Prasasta, M.M.",75.360.680.1-256.217,Aktif,False,38,Vina Sari,35780701748117,23.796.662.9-610.513,33.02,Maya Darmawan,18711011688632,11.800.724.8-978.114,29.65,Umar Permana,32150706973936,47.193.868.2-862.618,24.51
PT_0060,PT. IRMASULINDO,10412,"Gang Joyoboyo No. 260
Pontianak, Kalimantan Barat 93185",38491,Usaha perkebunan kelapa sawit dan pengolahan hasil,33755283468,11389706355,8732038700,1000000,11389,Eko Santoso,34710607893029,83.356.823.2-149.300,Dewi Santoso,31740112979134,31.666.982.9-376.674,Tidak terbatas,2018-06-15,Unjani Sinaga,22.628.829.8-373.257,Aktif,False,28,Wati Santoso,32732405625201,16.372.868.8-557.816,100.0,,,,,,,,
PT_0061,PT. IRMASULINDO BLOK 1,02200,"Jl. R.E Martadinata No. 84
Sawahlunto, Kalimantan Barat 65861",29736,Usaha perkebunan kelapa sawit dan pengolahan hasil,4852909359,1393984850,214690118,1000000,1393,Hadi Wibowo,32011010741320,54.281.466.2-165.606,Tono Wijaya,31740303994964,39.630.732.8-258.344,25 tahun,2023-08-29,"Laila Sihombing, S.IP",38.488.612.9-158.573,Aktif,True,89,Zaki Permana,32151408946457,46.718.162.3-483.961,75.03,Joko Budiman,64711409952399,69.454.124.8-677.450,12.78,Oki Budiman,35783103003281,46.325.363.6-242.698,10.31
PT_0062,PT. IRMASULINDO BLOK 2,01135,"Jl. Rajawali Timur No. 575
Tangerang, GO 13948",78408,Usaha perkebunan kelapa sawit dan pengolahan hasil,22789246227,14850645905,13588414862,1000000,14850,Joko Wijaya,32153006688889,38.769.199.5-431.170,Linda Darmawan,34712601758416,85.406.690.4-699.358,Tidak terbatas,2013-03-25,Silvia Pratiwi,23.256.643.5-285.409,Aktif,False,18,Hadi Pratama,18710207605476,83.254.162.3-609.433,52.38,Putra Wahyudi,18710108593420,31.351.517.9-244.160,47.62,,,,
PT_0063,PT. NUSA IRIAN JAYA INDAH,01135,"Gg. M.H Thamrin No. 59
Metro, SS 36710",73150,Usaha perkebunan kelapa sawit dan pengolahan hasil,97138012143,74201317437,73303347450,1000000,74201,Bayu Rachmadi,18710611853470,60.569.829.1-391.674,Putra Santoso,32733007720787,74.599.197.9-141.242,Tidak terbatas,2012-02-04,Almira Puspita,36.514.141.6-464.630,Aktif,False,20,Bayu Firmansyah,32150404911707,44.898.116.4-785.441,100.0,,,,,,,,
PT_0064,PT. VARITA MAJUTAMA (BLOK A),01135,"Jalan Sadang Serang No. 6
Tasikmalaya, Kepulauan Riau 02139",19418,Usaha perkebunan kelapa sawit dan pengolahan hasil,4149104023,714239506,230465746,5000000,142,Vina Putri,64710103589846,22.938.754.3-492.399,Maya Sari,32730203000064,56.799.780.3-142.484,24 tahun,2024-09-16,"Jessica Anggraini, M.Ak",86.588.116.1-904.118,Aktif,True,71,Citra Kusuma,35782502596828,33.711.830.4-857.881,39.38,Budi Rahman,32731205856245,71.380.735.4-421.575,18.13,Kartika Hartono,35780711941552,17.182.615.3-631.181,20.85
PT_0065,PT. KODECO MAMBERAMO,02200,"Jalan M.H Thamrin No. 4
Pekanbaru, GO 87339",60356,Usaha perkebunan kelapa sawit dan pengolahan hasil,56948154222,41046336386,34383806320,1000000,41046,Dewi Hartono,35782212941938,68.986.201.1-128.627,Sinta Rahman,35782808824082,25.430.300.8-459.369,Tidak terbatas,2005-11-10,"R.A. Michelle Sirait, S.Pd",73.614.489.1-814.403,Aktif,False,21,Vina Sari,34712309550831,54.774.329.4-883.328,50.47,Budi Budiman,34711804861784,23.657.555.2-900.126,49.53,,,,
PT_0066,PT. PENGEMBANGAN SUTRA ALAM,46691,"Gang Monginsidi No. 44
Bukittinggi, JT 17547",98757,Usaha perkebunan kelapa sawit dan pengolahan hasil,69046851542,30933541145,25155913886,10000000,3093,Sari Sari,32011810773564,85.468.803.4-957.936,Dewi Sari,64710806894968,96.287.892.9-836.450,Tidak terbatas,2022-01-17,Banara Maryati,66.257.498.7-234.766,Aktif,False,20,Joko Wijaya,18711807884730,23.376.516.8-229.560,44.5,Sari Pratama,32150509976016,74.912.181.1-131.500,44.17,Eko Santoso,64710404827281,15.164.122.7-740.886,10.27
PT_0067,PT. HASFARM NAPU,01135,"Gang Gegerkalong Hilir No. 4
Bekasi, Kalimantan Utara 44732",06526,Usaha perkebunan kelapa sawit dan pengolahan hasil,76913272594,48371957832,42084421638,10000000,4837,Farid Pratama,32012706905672,16.198.694.5-424.490,Budi Budiman,64712412628940,69.449.119.4-186.954,Tidak terbatas,2019-02-03,Rahmi Simanjuntak,71.108.110.4-799.194,Aktif,False,19,Budi Budiman,32012302974218,20.256.275.8-213.900,16.01,Farid Hartono,34713004009867,37.793.486.8-812.964,30.54,Wati Wibowo,32152403991890,33.166.162.8-633.481,53.449999999999996
PT_0068,PT. KURNIA LUWUK SEJATI,01135,"Gang Abdul Muis No. 600
Subulussalam, JI 34713",89616,Usaha perkebunan kelapa sawit dan pengolahan hasil,94684048769,36487990313,31769897188,10000000,3648,Sari Pratama,18711501990273,96.404.473.2-736.635,Oki Wijaya,32152809845620,93.808.469.6-727.944,Tidak terbatas,2005-10-04,Uli Mayasari,83.834.851.5-664.921,Aktif,False,30,Budi Budiman,32151908732449,22.971.896.9-637.138,100.0,,,,,,,,
PT_0069,PT. KAWISAN CENTRAL ASIA,46691,"Jalan Jend. A. Yani No. 9
Tegal, Kalimantan Selatan 49252",81433,Usaha perkebunan kelapa sawit dan pengolahan hasil,48560589602,32797687563,25287096301,10000000,3279,Maya Wibowo,34712502651221,79.842.249.7-865.415,Bayu Firmansyah,18711610721450,53.316.341.4-513.327,Tidak terbatas,2010-06-11,"Cawuk Utami, S.IP",38.696.668.1-854.572,Aktif,False,15,Indra Firmansyah,34713103594607,65.522.134.7-238.658,100.0,,,,,,,,
PT_0070,PT. TOILI INDOTAMA,01134,"Gg. Jend. Sudirman No. 9
Semarang, Riau 45134",77416,Usaha perkebunan kelapa sawit dan pengolahan hasil,3506282966,888953343,292527609,10000000,88,Eko Santoso,32731507634380,46.985.583.6-882.689,Indra Setiawan,18711807679927,46.174.202.8-814.918,15 tahun,2025-04-19,R. Baktiono Jailani,80.926.248.5-220.754,Aktif,True,86,Sinta Rachmadi,32730203625455,29.649.190.4-229.577,79.99,Citra Budiman,35780305876409,61.801.382.1-370.663,20.010000000000005,,,,
PT_0071,PTGUNUNG SYNAJI,10411,"Gg. Cikutra Barat No. 188
Madiun, KS 97952",12312,Usaha perkebunan kelapa sawit dan pengolahan hasil,39724820124,29068056797,29052492825,1000000,29068,Vina Sari,32730609818496,39.220.623.2-984.469,Ahmad Kusuma,35781901635718,60.304.617.7-344.897,Tidak terbatas,2010-12-20,Jarwadi Maulana,97.611.140.8-421.959,Aktif,False,31,Endang Hidayat,32732503005872,63.541.854.5-147.851,13.1,Fitri Wardana,35781301980324,77.282.786.2-699.505,86.9,,,,
PT_0072,PTPERKEBUNAN XVIII/PN VII,01135,"Gg. Ahmad Yani No. 26
Jayapura, Sulawesi Selatan 07211",55643,Usaha perkebunan kelapa sawit dan pengolahan hasil,42683560494,31391626993,24304624404,10000000,3139,Maya Firmansyah,32150411761357,88.464.350.2-895.817,Vina Putri,32011208767680,46.928.806.7-499.472,Tidak terbatas,2014-07-10,Pangeran Prastuti,81.768.244.8-280.213,Aktif,False,20,Endang Wahyudi,35782810571072,25.843.268.9-859.621,100.0,,,,,,,,
PT_0073,PT. Naga Manis Plantation,10412,"Jalan Kutai No. 54
Kota Administrasi Jakarta Barat, Sumatera Barat 74427",53134,Usaha perkebunan kelapa sawit dan pengolahan hasil,12945568436,6935004750,4977435294,5000000,1387,Budi Rahman,32152711901416,22.386.565.7-814.418,Sinta Rachmadi,18711112828210,21.772.137.3-538.218,Tidak terbatas,2020-07-31,"Dt. Makara Suryatmi, S.H.",25.968.665.3-720.386,Aktif,False,31,Dewi Hartono,35783006917768,54.557.247.4-971.253,75.58,Sinta Rachmadi,32732711803380,89.523.116.3-679.398,20.6,Farid Rachmadi,35780804760424,48.733.426.1-538.422,6.2
PT_0074,PT. PERKEBUNAN I (SEBULUSSALAM),01134,"Jl. Stasiun Wonokromo No. 67
Magelang, Jawa Timur 13812",84233,Usaha perkebunan kelapa sawit dan pengolahan hasil,48933283024,28815035686,24137386274,5000000,5763,Wati Nugroho,35781003642704,41.891.266.2-408.970,Dian Wibowo,18712401943555,11.265.965.1-508.547,Tidak terbatas,2006-01-03,R. Ghaliyati Ramadan,26.576.170.1-685.975,Aktif,False,37,Yudi Rahman,18712303584989,69.914.713.3-646.629,100.0,,,,,,,,
PT_0075,PT. BAHRUNY,46691,"Gang Joyoboyo No. 412
Cirebon, NB 19334",39304,Usaha perkebunan kelapa sawit dan pengolahan hasil,97998364847,36342633854,26296522090,10000000,3634,Maya Rachmadi,34711707542647,72.879.771.8-137.524,Ahmad Wahyudi,35781604667381,90.847.668.1-169.753,Tidak terbatas,2007-09-06,"Tgk. Tami Rajata, M.M.",13.887.716.7-820.826,Aktif,False,15,Dewi Pratama,34711104972157,58.828.183.8-192.646,54.82,Dewi Kusuma,18711511759355,64.422.374.1-440.851,45.18,,,,
PT_0076,PT. ACEH TIMUR RUBBER COY,46691,"Gang Jamika No. 166
Bontang, KI 78127",83020,Usaha perkebunan kelapa sawit dan pengolahan hasil,3290300821,421604001,52320593,5000000,84,Wati Santoso,32011305619273,55.738.312.3-585.449,Budi Budiman,32151506675718,17.201.275.2-916.479,22 tahun,2024-08-18,"Septi Utami, S.T.",56.182.315.4-437.775,Aktif,True,73,Indra Wijaya,32731002603836,83.947.686.7-218.853,43.27,Linda Budiman,35782407681505,45.141.214.1-720.349,22.11,Sinta Rachmadi,35782805932447,21.794.531.1-321.483,12.14
PT_0077,PT. INCASI RAYA,10411,"Gg. Ciwastra No. 539
Bau-Bau, MA 61778",29453,Usaha perkebunan kelapa sawit dan pengolahan hasil,72364864385,18923853502,18874833200,5000000,3784,Fitri Gunawan,18710305761097,27.388.711.8-313.696,Putra Kusuma,31742610918489,74.660.792.2-628.767,Tidak terbatas,2009-03-04,"Mahdi Novitasari, M.Farm",90.842.907.8-942.904,Aktif,False,39,Citra Nugroho,34711707845548,73.272.594.1-357.309,26.31,Ratna Permana,18710901783404,63.723.890.5-420.370,40.49,Ratna Permana,34710111905425,57.397.744.5-631.498,33.199999999999996
PT_0078,PT. CIMELATI UTAMA,01135,"Gg. Antapani Lama No. 3
Palembang, LA 36643",95338,Usaha perkebunan kelapa sawit dan pengolahan hasil,37340959558,19337456290,15325725784,5000000,3867,Dewi Kusuma,35780508739866,97.208.779.6-244.884,Gina Wibowo,32152710817326,90.320.478.7-201.264,Tidak terbatas,2018-04-18,"Gading Utami, M.Pd",62.516.546.8-276.170,Aktif,False,20,Gina Putri,18711507722447,63.677.497.7-841.280,49.59,Putra Kurniawan,64710110988585,74.314.588.4-461.676,13.09,Ahmad Kusuma,18710310923652,81.118.580.8-156.880,24.48
PT_0079,PT. LARAS EKAMULIA,02200,"Gang Monginsidi No. 2
Pekanbaru, Maluku 49688",57151,Usaha perkebunan kelapa sawit dan pengolahan hasil,40865022512,14049944122,11114665450,5000000,2809,Farid Kurniawan,64711108729693,89.183.265.1-385.495,Maya Rachmadi,32151604584179,90.148.143.4-811.998,Tidak terbatas,2020-11-18,Tgk. Halima Anggriawan,84.269.655.4-115.323,Aktif,False,38,Wati Wahyudi,18711311956057,18.821.650.9-199.905,100.0,,,,,,,,
PT_0080,PT. SECONA PERSADA (I),01134,"Jalan Soekarno Hatta No. 3
Jambi, DKI Jakarta 77458",24868,Usaha perkebunan kelapa sawit dan pengolahan hasil,89364647068,68259448920,58378030462,10000000,6825,Farid Pratama,34711703862111,56.538.556.8-444.193,Endang Hartono,35781907740820,53.470.486.1-929.708,Tidak terbatas,2017-11-15,Titi Megantara,83.911.740.3-280.498,Aktif,False,17,Putra Wijaya,64712908885508,77.353.370.7-426.529,16.06,Linda Wibowo,35783001629036,87.563.275.7-114.531,29.35,Wati Nugroho,32152405981096,56.186.445.6-993.945,54.589999999999996
SH_0001,CV EMAS KENCANA,68100,"Gg. Rajawali Timur No. 86
Kota Administrasi Jakarta Timur, SG 95112",69442,Perdagangan umum dan jasa konsultan,1408541897,393507023,104677501,1000000,393,Oki Hartono,64711704845876,96.521.579.5-758.306,Sari Nugroho,64711208875326,23.444.171.9-716.361,13 tahun,2025-02-12,Cakrabuana Sitorus,69.554.254.4-447.824,Aktif,True,83,Maya Wibowo,31740509757855,65.709.239.5-793.547,24.79,Citra Nugroho,31742105790675,89.413.371.8-450.839,14.9,Ratna Wibowo,32152409764986,45.324.766.4-448.689,11.62
SH_0002,UD HARAPAN BARU,08910,"Gang Rajawali Timur No. 202
Salatiga, NB 38102",26574,Perdagangan umum dan jasa konsultan,1728127056,578293230,84540824,1000000,578,Umar Hakim,18712211781487,73.368.179.2-387.880,Zaki Santoso,32733011886338,51.485.447.6-260.742,12 tahun,2025-02-25,Winda Halimah,55.723.617.3-802.898,Aktif,True,85,Zaki Maulana,35782309690400,52.220.378.5-189.822,29.29,Indra Wijaya,31741702854739,38.228.131.4-401.663,20.4,Putra Hartono,64712811832591,52.593.533.7-893.426,10.37
SH_0003,UD INDAH PERMAI,08910,"Jl. R.E Martadinata No. 820
Cirebon, Kalimantan Tengah 08276",39980,Perdagangan umum dan jasa konsultan,1746952869,487203778,72517660,1000000,487,Endang Wahyudi,32732806873839,25.824.468.2-238.857,Budi Budiman,64710610954736,19.491.175.8-115.927,11 tahun,2024-12-25,Lembah Lestari,30.682.304.5-968.781,Aktif,True,86,Yudi Nugroho,32013006899547,70.803.102.1-323.600,11.58,Indra Wahyudi,32152111665112,52.220.734.3-536.994,16.29,Sinta Setiawan,35780403598570,95.867.393.7-496.603,8.17
SH_0004,PT OMEGA PRIMA,08910,"Jalan Kutisari Selatan No. 023
Mataram, MU 01039",38144,Perdagangan umum dan jasa konsultan,1708038583,683267544,114664156,1000000,683,Joko Hartono,31742606656765,48.210.156.4-504.129,Budi Rahman,64711004869984,84.530.320.4-126.942,13 tahun,2025-01-31,Intan Wibowo,14.169.469.4-148.900,Aktif,True,93,Maya Putra,34712404773132,30.460.945.7-877.683,9.97,Endang Hartono,35782001727798,92.750.278.9-278.352,23.09,Bayu Firmansyah,32013012853254,37.830.788.5-938.821,20.35
SH_0005,CV KARYA UTAMA,68100,"Jalan Otto Iskandardinata No. 981
Banjarbaru, Sulawesi Barat 74724",69496,Perdagangan umum dan jasa konsultan,861048631,422994024,85704274,1000000,422,Wati Pratama,32010407940459,38.368.621.8-941.439,Citra Budiman,32011209636017,55.805.539.8-482.740,8 tahun,2025-01-12,Tgk. Edi Yolanda,31.331.716.4-484.312,Aktif,True,87,Maya Wibowo,18712806558345,31.996.396.9-122.698,19.3,Wati Wibowo,32152303720431,96.660.858.8-537.661,21.93,Joko Gunawan,32011502002099,13.616.479.3-438.372,21.46
SH_0006,CV NUSA INDAH,58190,"Gg. Soekarno Hatta No. 734
Dumai, Jawa Tengah 74219",94556,Perdagangan umum dan jasa konsultan,1826548641,887716518,150986554,1000000,887,Oki Sari,31741803976873,12.632.320.9-907.771,Putra Darmawan,64711106779891,70.293.883.6-187.401,13 tahun,2025-04-12,Eman Pranowo,92.227.623.9-444.103,Aktif,True,98,Sinta Rachmadi,18710804873095,51.374.193.4-222.329,27.69,Citra Hakim,64710404744943,10.138.823.4-490.659,5.86,Joko Gunawan,32732811731409,23.896.390.3-319.496,27.24
SH_0007,CV KARYA UTAMA,82990,"Gang Jakarta No. 232
Pekanbaru, Lampung 17317",64689,Perdagangan umum dan jasa konsultan,1378071129,452197641,70216959,1000000,452,Ratna Hidayat,18713108958668,44.222.867.8-728.688,Dewi Pratama,32731205651262,37.662.113.4-473.887,11 tahun,2025-02-16,Kamila Haryanto,66.269.514.6-907.512,Aktif,True,98,Oki Syahputra,64710211868104,91.805.563.4-966.161,23.96,Endang Pratama,34710510987456,41.937.432.4-960.776,17.08,Dewi Kusuma,35781006946721,16.160.349.7-664.938,22.95
SH_0008,UD HARAPAN BARU,77100,"Jalan Otto Iskandardinata No. 287
Denpasar, Kalimantan Selatan 23907",91263,Perdagangan umum dan jasa konsultan,1817999136,743514020,114635881,1000000,743,Dewi Sari,32012203811957,86.272.277.6-475.994,Sari Pratama,18712509936741,17.304.849.8-501.792,6 tahun,2025-05-09,drg. Bahuwirya Wibisono,30.255.619.5-873.935,Aktif,True,94,Vina Hakim,35782806908829,39.878.645.7-743.625,13.3,Sari Nugroho,64711210690978,89.143.722.8-804.295,21.32,Oki Putri,32731209736618,35.877.791.7-807.878,24.44
SH_0009,CV EMAS KENCANA,82990,"Gg. Setiabudhi No. 787
Lhokseumawe, NT 14780",08320,Perdagangan umum dan jasa konsultan,1810235234,468541611,106393238,1000000,468,Bayu Firmansyah,34710907630094,79.805.144.5-780.739,Putra Kusuma,32152607710137,46.786.391.5-318.128,6 tahun,2025-01-14,Rahmi Kuswoyo,78.959.290.6-559.997,Aktif,True,96,Ahmad Gunawan,32731404933246,32.398.930.5-938.415,13.05,Sinta Rachmadi,18713004793406,13.220.386.7-495.333,8.16,Linda Budiman,34710304665350,58.175.265.8-795.241,78.79
SH_0010,UD INDAH PERMAI,77100,"Jalan Dipenogoro No. 037
Solok, AC 67809",09911,Perdagangan umum dan jasa konsultan,1493120062,560899427,127787755,1000000,560,Zaki Kusuma,32732212820106,73.975.792.6-148.497,Wati Pratama,32152807909871,47.675.453.5-837.658,6 tahun,2025-01-21,Septi Hastuti,95.976.134.1-366.450,Aktif,True,82,Citra Wahyudi,35782508996271,74.539.413.4-241.233,27.87,Indra Syahputra,32731212671184,95.178.371.6-111.504,29.5,Andi Wahyudi,34710309984626,78.196.236.6-978.737,12.86
SH_0011,CV BERKAH NUSANTARA,68100,"Jl. Rumah Sakit No. 24
Jambi, BT 82913",84436,Perdagangan umum dan jasa konsultan,1686605398,703937054,70588808,1000000,703,Wati Wardana,64710108662887,61.205.818.2-614.420,Andi Maulana,31740708877850,57.401.731.2-675.845,11 tahun,2025-02-19,Harto Hakim,38.517.787.2-494.848,Aktif,True,89,Ratna Wijaya,32152812932770,79.119.479.2-387.395,27.55,Budi Permana,64712411649946,88.106.899.4-361.811,8.08,Wati Setiawan,32732004954788,81.576.227.7-395.824,5.25
SH_0012,UD CAHAYA MANDIRI,62010,"Jl. BKR No. 04
Salatiga, NT 74333",45550,Perdagangan umum dan jasa konsultan,1059533155,370289666,62473147,1000000,370,Oki Syahputra,32731107806944,11.379.681.4-862.703,Citra Budiman,35781706891619,68.686.479.4-521.326,7 tahun,2024-12-21,"Eva Pratiwi, S.Pd",14.275.216.8-603.906,Aktif,True,92,Linda Wibowo,35782103726315,21.325.354.1-496.769,16.32,Joko Putri,32150408615546,25.394.560.5-447.557,26.68,Sinta Rahman,32150312772815,61.162.501.9-661.536,10.46
SH_0013,CV NUSA INDAH,47911,"Gg. Kiaracondong No. 33
Mojokerto, Jawa Barat 41704",45847,Perdagangan umum dan jasa konsultan,565352664,214363766,45988143,1000000,214,Maya Sari,18710905734705,89.664.987.9-204.140,Fitri Setiawan,32012605561497,10.635.744.4-126.343,14 tahun,2025-03-02,Hamzah Hutasoit,18.249.270.5-403.267,Aktif,True,88,Maya Hakim,34711407659312,93.477.423.4-656.167,28.47,Umar Wahyudi,32732603827007,81.339.146.5-763.898,7.06,Citra Kusuma,32731004610043,15.201.936.7-200.687,22.3
SH_0014,CV BERKAH NUSANTARA,77100,"Jl. Bangka Raya No. 936
Banjarmasin, LA 75455",25907,Perdagangan umum dan jasa konsultan,680377326,244567129,35564071,1000000,244,Citra Darmawan,31742405849369,15.562.214.8-246.838,Vina Putra,18712010775364,70.458.297.2-852.171,8 tahun,2024-12-13,Paulin Sudiati,88.970.710.2-962.382,Aktif,True,83,Maya Wijaya,64712510590433,84.826.284.5-236.389,14.06,Oki Wibowo,31741203720008,88.753.833.4-180.258,7.82,Bayu Darmawan,64712407621073,37.748.880.8-119.878,26.38
SH_0015,UD PRIMA SEJAHTERA,62010,"Jalan Raya Setiabudhi No. 83
Tarakan, KU 55382",71750,Perdagangan umum dan jasa konsultan,524577469,247415999,44318391,1000000,247,Farid Putra,32732202725617,96.943.753.6-849.183,Hadi Santoso,64712511697944,65.619.775.9-363.728,9 tahun,2025-05-10,Pranata Palastri,88.405.167.4-977.670,Aktif,True,90,Citra Wijaya,32152311549176,17.328.357.2-565.668,16.9,Linda Wahyudi,32731012695348,29.607.880.3-554.364,18.26,Andi Maulana,64711210872058,93.799.954.8-234.834,64.83999999999999
SH_0016,CV BERKAH NUSANTARA,08910,"Jalan Suniaraja No. 66
Sorong, NT 71221",33335,Perdagangan umum dan jasa konsultan,1276282697,382809054,89240619,1000000,382,Bayu Hakim,31742008986686,70.959.183.3-315.240,Zaki Permana,32730905677734,18.385.649.4-764.488,9 tahun,2025-04-24,Olivia Waluyo,67.234.910.8-244.518,Aktif,True,83,Vina Putri,64710710848371,97.253.711.6-702.109,11.24,Citra Hakim,35781911997457,12.258.119.2-604.963,5.95,Umar Kurniawan,64710207912509,17.483.660.4-658.245,29.26
SH_0017,PT LESTARI MANDIRI,70200,"Jalan Jend. Sudirman No. 330
Sawahlunto, AC 08092",42650,Perdagangan umum dan jasa konsultan,1852959717,486385492,68403049,1000000,486,Oki Sari,32731501815948,67.958.813.3-762.901,Indra Budiman,32731707951840,56.935.567.4-270.418,8 tahun,2025-05-09,Fitria Nasyidah,88.105.276.8-575.861,Aktif,True,93,Kartika Hidayat,32730409974002,45.587.860.7-992.281,13.54,Putra Putri,32732105752008,70.239.623.1-990.659,23.83,Indra Syahputra,34712107753786,31.342.736.6-309.539,13.76
SH_0018,PT DUTA SEJAHTERA,77100,"Gg. Pacuan Kuda No. 71
Cimahi, BT 85600",31112,Perdagangan umum dan jasa konsultan,952649465,370860165,81749320,1000000,370,Zaki Permana,35782211669858,65.586.658.1-919.466,Sari Pratama,32011204987267,78.197.143.1-550.881,6 tahun,2025-05-03,"Cornelia Laksmiwati, M.Kom.",70.907.394.1-425.112,Aktif,True,88,Wati Setiawan,32010901657608,69.787.946.2-836.621,27.3,Dian Syahputra,18712407665880,53.631.484.2-462.599,28.07,Farid Hartono,35781911622690,37.206.840.3-634.903,15.84
SH_0019,UD CAHAYA MANDIRI,47911,"Jl. Cikutra Barat No. 053
Cilegon, KR 46424",91442,Perdagangan umum dan jasa konsultan,1951175066,545149083,106167061,1000000,545,Endang Hidayat,64711908592260,44.686.764.1-244.305,Andi Kusuma,31740212626634,61.807.805.8-702.866,13 tahun,2025-02-27,Rina Haryanti,84.155.448.3-823.316,Aktif,True,98,Citra Darmawan,32731502656898,24.667.467.5-518.536,14.87,Zaki Maulana,18712710872984,63.223.936.3-669.297,15.21,Kartika Wijaya,64711402802645,55.392.898.9-293.561,16.64
SH_0020,CV FAJAR CEMERLANG,08910,"Jl. BKR No. 5
Mataram, DI Yogyakarta 71449",56108,Perdagangan umum dan jasa konsultan,1130643712,403704551,107317006,1000000,403,Putra Darmawan,34711212546174,22.507.979.6-689.387,Umar Wardana,18711608709629,56.362.870.3-768.701,15 tahun,2025-04-28,Ika Damanik,59.613.394.5-640.247,Aktif,True,92,Zaki Budiman,34712611692970,36.176.974.8-718.402,13.2,Oki Kusuma,32732403727256,17.229.746.2-482.714,17.09,Maya Putra,18711308664138,12.642.118.6-704.348,5.52
SH_0021,UD MAJU BERSAMA,62010,"Gg. Jend. Sudirman No. 857
Yogyakarta, KS 32504",90249,Perdagangan umum dan jasa konsultan,921130895,288739160,68042923,1000000,288,Farid Rachmadi,64712403966746,17.727.419.6-828.644,Zaki Santoso,64713004977442,97.861.353.6-948.219,11 tahun,2025-01-06,Balijan Saefullah,61.963.268.9-848.469,Aktif,True,91,Yudi Rahman,32731110561135,31.264.796.5-501.901,23.98,Wati Rahman,18710909684761,14.495.232.8-791.688,25.44,Dewi Kusuma,32011801918376,90.493.288.6-743.374,24.4
SH_0022,PT JAYA MAKMUR,77100,"Jl. Indragiri No. 55
Kota Administrasi Jakarta Barat, KS 87915",34052,Perdagangan umum dan jasa konsultan,1226656733,598586001,68833458,1000000,598,Citra Hidayat,32732404657946,56.435.265.9-805.225,Dewi Sari,32010109809352,32.101.173.5-263.874,15 tahun,2025-05-06,"dr. Bala Mandala, S.Psi",36.873.212.4-663.479,Aktif,True,86,Citra Kusuma,18710802696707,88.552.262.5-526.351,20.34,Farid Kurniawan,18711501928760,35.909.837.4-414.164,21.1,Hadi Pratama,64710901994620,17.123.166.5-743.240,19.23
SH_0023,UD HARAPAN BARU,68100,"Jalan Medokan Ayu No. 54
Pontianak, SU 04560",01189,Perdagangan umum dan jasa konsultan,1226769460,370797603,87966992,1000000,370,Joko Budiman,18713007724137,24.929.556.5-107.239,Endang Kusuma,31740808948591,89.152.833.7-200.512,8 tahun,2024-11-29,Lalita Nurdiyanti,26.903.405.2-441.862,Aktif,True,94,Vina Sari,31741812635285,94.387.172.1-317.627,27.86,Indra Budiman,32732607691963,54.697.871.3-653.993,22.74,Wati Nugroho,32152204793677,24.927.433.8-876.662,15.95
SH_0024,CV FAJAR CEMERLANG,47911,"Gang M.H Thamrin No. 1
Pariaman, Kalimantan Barat 53588",45865,Perdagangan umum dan jasa konsultan,832467172,233561865,61182603,1000000,233,Citra Wijaya,64712003649256,66.313.244.9-280.253,Vina Sari,64712307834146,75.940.906.2-124.600,5 tahun,2025-02-12,Gantar Pertiwi,27.284.150.7-658.537,Aktif,True,95,Putra Wijaya,31740601833237,30.974.138.8-187.983,25.65,Putra Santoso,34710404971025,17.480.148.8-588.881,28.25,Endang Wahyudi,18712706882498,61.334.425.4-330.156,6.04
SH_0025,UD CAHAYA MANDIRI,77100,"Jalan PHH. Mustofa No. 007
Bogor, Sumatera Utara 57410",22183,Perdagangan umum dan jasa konsultan,1556029552,603499950,64548820,1000000,603,Zaki Santoso,32011111945600,24.882.481.3-998.394,Hadi Pratama,32011302660990,90.247.730.2-258.873,8 tahun,2025-02-18,Ciaobella Anggraini,30.130.601.3-205.699,Aktif,True,92,Budi Syahputra,32011504933993,55.330.766.7-457.789,26.51,Fitri Wardana,34710503989165,13.141.642.8-345.256,25.52,Oki Budiman,18711803994832,59.554.601.1-338.148,12.66
SH_0026,UD MAJU BERSAMA,47911,"Gang Rungkut Industri No. 22
Kota Administrasi Jakarta Timur, SU 08615",96521,Perdagangan umum dan jasa konsultan,1651413944,677190079,130452492,1000000,677,Budi Budiman,32153004737393,93.135.708.1-258.433,Citra Hidayat,32010309990486,22.115.211.9-326.804,10 tahun,2025-02-26,Ella Thamrin,24.137.147.1-728.916,Aktif,True,96,Farid Rachmadi,34712904816955,24.413.627.5-319.516,18.99,Joko Gunawan,64712705637634,21.705.807.6-300.273,10.45,Vina Hakim,32012509776371,24.826.967.6-240.264,19.0
SH_0027,UD HARAPAN BARU,70200,"Gg. Asia Afrika No. 2
Bontang, Sumatera Selatan 03184",27767,Perdagangan umum dan jasa konsultan,641609313,217754210,34850844,1000000,217,Budi Permana,32010106546188,13.868.541.5-804.461,Wati Rahman,32732209609181,12.224.115.1-656.724,10 tahun,2024-12-15,Farah Utami,97.814.959.2-958.291,Aktif,True,85,Putra Hartono,32011703599292,58.860.783.8-696.208,11.11,Joko Budiman,32151411980307,42.768.518.6-902.389,13.6,Maya Putra,18711201921304,41.283.364.8-879.778,27.84
SH_0028,UD INDAH PERMAI,62010,"Gg. Pacuan Kuda No. 040
Banjarmasin, Kalimantan Tengah 42703",37315,Perdagangan umum dan jasa konsultan,1359905739,485257496,54911460,1000000,485,Eko Permana,34711011715565,46.252.558.4-621.408,Wati Pratama,64710908599191,89.521.203.9-994.278,14 tahun,2025-01-30,Puti Yessi Wibowo,26.192.728.9-325.320,Aktif,True,97,Umar Hakim,32010212911853,57.545.810.7-244.172,6.27,Indra Pratama,32012503969463,90.697.763.9-528.447,11.41,Dian Sari,32151401881621,42.396.733.1-843.835,12.66
SH_0029,CV KARYA UTAMA,77100,"Gang Rungkut Industri No. 13
Jayapura, Sulawesi Utara 78519",29553,Perdagangan umum dan jasa konsultan,1946015946,866524665,161403283,1000000,866,Dian Syahputra,35782411780005,12.187.104.6-899.681,Bayu Rachmadi,32151702736618,99.128.610.5-600.688,15 tahun,2025-04-14,Hesti Wastuti,86.489.956.9-235.556,Aktif,True,98,Ahmad Kusuma,32151307886563,56.243.509.2-837.846,20.7,Putra Putri,34712401565184,11.228.221.8-318.358,9.55,Citra Nugroho,35782203831721,65.435.839.6-122.533,22.31
SH_0030,UD INDAH PERMAI,68100,"Gang Pasteur No. 025
Cilegon, Kepulauan Bangka Belitung 54057",26216,Perdagangan umum dan jasa konsultan,598803161,210409000,31022950,1000000,210,Citra Nugroho,32152708770621,10.650.416.9-359.288,Maya Darmawan,64710603697067,16.237.964.1-677.167,7 tahun,2025-01-28,Wahyu Mandasari,88.859.135.2-809.987,Aktif,True,83,Kartika Santoso,18710808929307,16.406.850.5-383.345,14.71,Citra Budiman,31742509551513,35.405.212.3-759.487,28.24,Kartika Hidayat,64712608945999,59.980.983.7-811.851,57.05
